date,symbol,value
2024-01-01,STK000,0.30471707975443135
2024-01-01,STK001,-1.0399841062404955
2024-01-01,STK002,0.7504511958064572
2024-01-01,STK003,0.9405647163912139
2024-01-01,STK004,-1.9510351886538364
2024-01-01,STK005,-1.302179506862318
2024-01-01,STK006,0.12784040316728537
2024-01-01,STK007,-0.3162425923435822
2024-01-01,STK008,-0.016801157504288795
2024-01-01,STK010,0.8793979748628286
2024-01-01,STK011,0.7777919354289483
2024-01-01,STK012,0.06603069756121605
2024-01-01,STK013,1.1272412069680329
2024-01-01,STK014,0.4675093422520456
2024-01-01,STK015,-0.8592924628832382
2024-01-01,STK016,0.36875078408249884
2024-01-01,STK017,-0.9588826008289989
2024-01-01,STK019,-0.049925910986252896
2024-01-01,STK020,-0.18486236354526056
2024-01-01,STK021,-0.6809295444039414
2024-01-01,STK022,1.2225413386740303
2024-01-01,STK024,-0.4283278221631072
2024-01-01,STK025,-0.3521335504882296
2024-01-01,STK026,0.5323091855533487
2024-01-01,STK027,0.36544406436407834
2024-01-01,STK028,0.4127326115959884
2024-01-01,STK029,0.43082100300788273
2024-01-01,STK030,2.1416476008704612
2024-01-01,STK031,-0.4064150163846156
2024-01-01,STK032,-0.5122427290715373
2024-01-01,STK033,-0.8137727282478777
2024-01-01,STK034,0.6159794225754956
2024-01-01,STK035,1.1289722927208916
2024-01-01,STK036,-0.11394745765487507
2024-01-01,STK037,-0.840156476962528
2024-01-01,STK038,-0.8244812156912396
2024-01-01,STK039,0.6505927878247011
2024-01-01,STK040,0.7432541712034423
2024-01-01,STK041,0.543154268305195
2024-01-01,STK042,-0.6655097072886943
2024-01-01,STK043,0.23216132306671977
2024-01-01,STK044,0.11668580914072822
2024-01-01,STK045,0.21868859672901295
2024-01-01,STK046,0.8714287779481898
2024-01-01,STK047,0.22359554877468227
2024-01-01,STK049,0.06757906948889146
2024-01-01,STK050,0.28911939868998415
2024-01-01,STK051,0.6312882258385404
2024-01-01,STK052,-1.4571558198556664
2024-01-01,STK053,-0.31967121635730134
2024-01-01,STK054,-0.4703726542927955
2024-01-01,STK056,-0.27514225122668373
2024-01-01,STK057,1.4949413112343959
2024-01-01,STK058,-0.8658311156932432
2024-01-02,STK000,-1.6828697716158048
2024-01-02,STK001,-0.33488502998577485
2024-01-02,STK002,0.1627530651050056
2024-01-02,STK005,0.7933472351999252
2024-01-02,STK006,-0.3487250722484376
2024-01-02,STK007,-0.46235179266456716
2024-01-02,STK008,0.8579758812571538
2024-01-02,STK009,-0.1913043248816149
2024-01-02,STK010,-1.2756863233379219
2024-01-02,STK011,-1.1332872140034806
2024-01-02,STK012,-0.9194522860016113
2024-01-02,STK013,0.49716074405376404
2024-01-02,STK014,0.14242573607056525
2024-01-02,STK015,0.6904853540677682
2024-01-02,STK016,-0.42725264633653426
2024-01-02,STK017,0.15853969107671423
2024-01-02,STK018,0.6255903939673367
2024-01-02,STK019,-0.3093465397202384
2024-01-02,STK020,0.45677523755741145
2024-01-02,STK021,-0.6619259410666513
2024-01-02,STK022,-0.3630538465650718
2024-01-02,STK023,-0.3817378939983291
2024-01-02,STK024,-1.1958396455890397
2024-01-02,STK025,0.4869724807855818
2024-01-02,STK026,-0.46940234020272387
2024-01-02,STK027,0.01249411872768743
2024-01-02,STK030,0.6653851089727862
2024-01-02,STK031,-0.09848548450942361
2024-01-02,STK033,-0.07971821090639905
2024-01-02,STK034,-1.6873344339580298
2024-01-02,STK035,-1.4471124724230873
2024-01-02,STK036,-1.3226996123544024
2024-01-02,STK037,-0.9972468276014818
2024-01-02,STK038,0.3997742267234366
2024-01-02,STK039,-0.9054790553600608
2024-01-02,STK040,-0.3781625540393897
2024-01-02,STK041,1.2992282977860654
2024-01-02,STK042,-0.35626397106142593
2024-01-02,STK043,0.7375155684670865
2024-01-02,STK044,-0.933617680009877
2024-01-02,STK045,-0.20543755786763002
2024-01-02,STK046,-0.9500220549105812
2024-01-02,STK047,-0.3390330759005625
2024-01-02,STK048,0.8403081374573955
2024-01-02,STK049,-1.7273204231923487
2024-01-02,STK051,0.2377356023322779
2024-01-02,STK052,-0.5941499556967944
2024-01-02,STK053,-1.4460578543884546
2024-01-02,STK054,0.07212950771386951
2024-01-02,STK056,0.23267621135470395
2024-01-02,STK057,0.02185214552344288
2024-01-02,STK058,1.6017788913209154
2024-01-02,STK059,-0.23935562747302427
2024-01-03,STK000,-1.023497492621865
2024-01-03,STK001,0.17927563495631615
2024-01-03,STK002,0.21999668397176517
2024-01-03,STK003,1.3591875752404365
2024-01-03,STK005,0.35687105914950934
2024-01-03,STK006,1.4633028912195618
2024-01-03,STK007,-1.188763054322851
2024-01-03,STK008,-0.6397515327497477
2024-01-03,STK009,-0.9265759414055249
2024-01-03,STK011,-1.3766861475563088
2024-01-03,STK012,0.6351509468144043
2024-01-03,STK015,-1.0155790812075416
2024-01-03,STK016,0.3135138474501953
2024-01-03,STK017,0.8381265678943811
2024-01-03,STK018,1.9967308916917865
2024-01-03,STK019,2.9138624660073296
2024-01-03,STK020,0.4144094332759964
2024-01-03,STK021,-0.9895381200318641
2024-01-03,STK022,-2.132046280731309
2024-01-03,STK023,0.2677114623438358
2024-01-03,STK024,-0.812941095310326
2024-01-03,STK026,-0.6120967990598081
2024-01-03,STK027,-0.14079088641638526
2024-01-03,STK029,0.15704856744534462
2024-01-03,STK030,-0.1586348370386883
2024-01-03,STK031,-1.0356537528258116
2024-01-03,STK032,-1.674682944704357
2024-01-03,STK033,-0.4863079090733309
2024-01-03,STK034,-0.05378255081832049
2024-01-03,STK036,0.13027452147288585
2024-01-03,STK037,0.9827395110230576
2024-01-03,STK038,-0.49929559853915206
2024-01-03,STK039,-1.1849437664170246
2024-01-03,STK040,-0.9651167622323719
2024-01-03,STK042,2.1284697324351645
2024-01-03,STK044,0.838489203736345
2024-01-03,STK045,-0.9029271780870264
2024-01-03,STK046,0.9315730128742441
2024-01-03,STK047,0.38495096610586316
2024-01-03,STK049,-0.040762526135434025
2024-01-03,STK050,-0.6547876954293904
2024-01-03,STK051,0.44607220148208054
2024-01-03,STK052,-0.45498348034078
2024-01-03,STK053,-1.2256057637672482
2024-01-03,STK054,-1.2779375743196193
2024-01-03,STK055,0.17258791772211948
2024-01-03,STK056,1.579091256410435
2024-01-03,STK058,-0.11863832610988256
2024-01-03,STK059,0.2858261396025429
2024-01-04,STK000,1.3060017417068248
2024-01-04,STK001,0.21938250136385634
2024-01-04,STK002,-0.41092723083373717
2024-01-04,STK003,1.1062887100598888
2024-01-04,STK004,0.4287564384616135
2024-01-04,STK005,1.535755991995992
2024-01-04,STK007,-1.2244690317205003
2024-01-04,STK008,-1.368159199245665
2024-01-04,STK009,1.6509279322312496
2024-01-04,STK010,1.723665720783297
2024-01-04,STK011,-0.17951921328260065
2024-01-04,STK012,-0.38318732113598775
2024-01-04,STK014,-1.107045682043488
2024-01-04,STK015,-0.8947270189558264
2024-01-04,STK016,0.6433267946890444
2024-01-04,STK017,-0.3946051228595896
2024-01-04,STK018,-0.005121866720071296
2024-01-04,STK019,-0.16344289852451258
2024-01-04,STK020,0.33757454879893356
2024-01-04,STK021,1.4074818613137168
2024-01-04,STK022,0.09058490690174555
2024-01-04,STK023,0.6439387932768579
2024-01-04,STK024,-2.0501721010310225
2024-01-04,STK025,-0.04871840193011795
2024-01-04,STK026,-0.8432302702928711
2024-01-04,STK027,-1.218813060423628
2024-01-04,STK029,-0.33412344070081207
2024-01-04,STK030,0.9159025423560131
2024-01-04,STK031,-1.326392717739564
2024-01-04,STK032,0.030631492594417446
2024-01-04,STK033,-0.4841694333335785
2024-01-04,STK034,-0.32767309436196085
2024-01-04,STK035,1.0027578253046041
2024-01-04,STK037,1.3373981074427437
2024-01-04,STK038,-0.15450567924990047
2024-01-04,STK039,-0.695942611670703
2024-01-04,STK040,-0.22385881688049952
2024-01-04,STK041,0.2424967912712216
2024-01-04,STK042,0.17657335845371103
2024-01-04,STK043,-1.0843880722333665
2024-01-04,STK046,2.5174740375339204
2024-01-04,STK047,1.8768446112816701
2024-01-04,STK048,-0.8532433505588201
2024-01-04,STK049,-0.2873833615491761
2024-01-04,STK050,-1.4634420018370031
2024-01-04,STK051,-0.5907070139634865
2024-01-04,STK052,0.3156050035903405
2024-01-04,STK053,1.2058536208882336
2024-01-04,STK054,-0.7290838377436085
2024-01-04,STK055,-0.6541464400677965
2024-01-04,STK056,-2.147289029738655
2024-01-04,STK057,-0.16266592054490767
2024-01-04,STK058,-1.062414411859563
2024-01-04,STK059,-0.5294394273660737
2024-01-05,STK000,-0.8768607781675882
2024-01-05,STK001,-0.09426255425255699
2024-01-05,STK003,-1.4670452453909906
2024-01-05,STK004,2.129247112028298
2024-01-05,STK006,-1.0967855784546396
2024-01-05,STK008,2.905067169240407
2024-01-05,STK009,-1.1715666288253417
2024-01-05,STK010,-0.36824895678803055
2024-01-05,STK012,1.7286976444055924
2024-01-05,STK013,-0.9868570784282374
2024-01-05,STK014,-0.24527784594210975
2024-01-05,STK016,0.43476607446661863
2024-01-05,STK017,-0.37615607123009925
2024-01-05,STK018,-0.13382296451604114
2024-01-05,STK019,-1.3748958083699818
2024-01-05,STK020,-0.23817374397466523
2024-01-05,STK021,-0.2663874900089551
2024-01-05,STK022,0.23216988962625595
2024-01-05,STK023,-0.555327218819016
2024-01-05,STK025,1.0127158178198286
2024-01-05,STK026,0.15542932766846604
2024-01-05,STK028,0.053155347577867364
2024-01-05,STK029,8.439309141418043e-05
2024-01-05,STK030,-0.7215580335428474
2024-01-05,STK031,0.316494261673308
2024-01-05,STK032,-0.09728659841348947
2024-01-05,STK033,2.093168308930595
2024-01-05,STK034,1.5733549024752425
2024-01-05,STK035,0.3858465525565008
2024-01-05,STK036,-0.7630572096947675
2024-01-05,STK037,-1.112411471983418
2024-01-05,STK038,1.191142953088865
2024-01-05,STK039,0.2627492251471385
2024-01-05,STK040,0.4801434033916108
2024-01-05,STK041,-1.7445859869741926
2024-01-05,STK042,0.9274384815581808
2024-01-05,STK043,0.45442033821436295
2024-01-05,STK044,-1.110430684414478
2024-01-05,STK046,0.2637172043565196
2024-01-05,STK047,0.05246679835624363
2024-01-05,STK048,-0.292171185803555
2024-01-05,STK049,-0.10348826806596086
2024-01-05,STK050,-0.25197737820688537
2024-01-05,STK051,0.15256251210246857
2024-01-05,STK052,1.471491972993157
2024-01-05,STK053,-2.5666584409312976
2024-01-05,STK054,-0.23685026450968424
2024-01-05,STK055,0.17651242137244696
2024-01-05,STK056,0.2959939896870995
2024-01-05,STK057,-0.37191458132128985
2024-01-05,STK058,-1.7567217824785826
2024-01-05,STK059,0.32799548371410964
2024-01-08,STK000,1.727350214164185
2024-01-08,STK001,-1.5338614049161376
2024-01-08,STK002,0.8638280136981883
2024-01-08,STK003,-0.3285252231228939
2024-01-08,STK005,-1.052898510703949
2024-01-08,STK006,-0.33445617235587666
2024-01-08,STK007,1.3000445946989585
2024-01-08,STK008,0.582655241987707
2024-01-08,STK010,1.1774118889776937
2024-01-08,STK011,0.4390866789295762
2024-01-08,STK012,1.743934526167792
2024-01-08,STK013,0.43899315873829875
2024-01-08,STK014,0.8279881767970589
2024-01-08,STK015,-0.29657095353470836
2024-01-08,STK016,0.06654581585920483
2024-01-08,STK017,-0.6974238233002769
2024-01-08,STK018,0.989583934594853
2024-01-08,STK020,0.7823503424176613
2024-01-08,STK021,-0.19065105750515945
2024-01-08,STK023,0.7508689887312598
2024-01-08,STK025,0.7307746911386448
2024-01-08,STK026,-1.5720402556532407
2024-01-08,STK027,-0.06695317289820084
2024-01-08,STK028,-1.172007192594816
2024-01-08,STK029,-0.5182798423662747
2024-01-08,STK030,1.5112284332767216
2024-01-08,STK031,0.637533810897696
2024-01-08,STK032,-0.6989304285787463
2024-01-08,STK033,-1.013717366440399
2024-01-08,STK034,0.03278209287626079
2024-01-08,STK035,-1.2165601493811278
2024-01-08,STK036,-0.6711402773965811
2024-01-08,STK037,0.31200947155124387
2024-01-08,STK038,1.1553120361066962
2024-01-08,STK039,0.6087614722244398
2024-01-08,STK040,-2.2912895085981
2024-01-08,STK042,0.07203357323257792
2024-01-08,STK043,0.41389028537269307
2024-01-08,STK044,1.6162096816512073
2024-01-08,STK045,-2.063238276804743
2024-01-08,STK046,-0.5911034251911056
2024-01-08,STK047,0.5909063227933546
2024-01-08,STK048,-1.5815943994539423
2024-01-08,STK049,1.475949048053509
2024-01-08,STK050,0.3683566127006584
2024-01-08,STK051,0.846583985843404
2024-01-08,STK052,-0.5709436615217945
2024-01-08,STK053,0.8137636899662105
2024-01-08,STK054,1.0684715559890383
2024-01-08,STK055,0.23287802013716835
2024-01-08,STK056,0.23440089269869593
2024-01-08,STK057,0.2703432392817259
2024-01-08,STK058,-0.8633452647393817
2024-01-08,STK059,-0.14752868024035293
2024-01-09,STK000,-0.1525225324523588
2024-01-09,STK001,0.3833938643534951
2024-01-09,STK002,0.9998242469102946
2024-01-09,STK003,-1.0585360819784093
2024-01-09,STK005,1.4814555476589732
2024-01-09,STK006,-0.7435882288125641
2024-01-09,STK007,-0.8222500172903203
2024-01-09,STK008,0.20230619183119358
2024-01-09,STK009,0.8443851904853201
2024-01-09,STK010,0.01142605556065933
2024-01-09,STK013,0.8418200668900618
2024-01-09,STK014,0.5541165013240933
2024-01-09,STK015,2.327653100346085
2024-01-09,STK016,-0.2051616888660442
2024-01-09,STK018,1.604254361517141
2024-01-09,STK019,-0.45769943095682564
2024-01-09,STK020,0.10788044434303304
2024-01-09,STK021,1.309550684860527
2024-01-09,STK022,-1.6022595410589253
2024-01-09,STK023,-1.2516472141061394
2024-01-09,STK024,-1.6012779371188537
2024-01-09,STK026,0.43963660601699356
2024-01-09,STK028,0.27627417932855375
2024-01-09,STK029,-1.4127658838923665
2024-01-09,STK030,-2.310103436632644
2024-01-09,STK031,0.054353585390382264
2024-01-09,STK032,-0.47177603363833576
2024-01-09,STK033,0.45938577171661177
2024-01-09,STK034,0.7019536262212701
2024-01-09,STK035,0.13824143205868192
2024-01-09,STK036,0.7601330853758538
2024-01-09,STK037,0.22921137411506842
2024-01-09,STK038,0.5300647056014667
2024-01-09,STK039,-0.7046732628698824
2024-01-09,STK041,0.19677609665695725
2024-01-09,STK042,0.8205284754174188
2024-01-09,STK043,-0.3937411722245721
2024-01-09,STK044,0.5211672557321126
2024-01-09,STK045,-0.265838791915379
2024-01-09,STK046,-0.11754216732813036
2024-01-09,STK048,-1.993060371054156
2024-01-09,STK049,-1.296472328074761
2024-01-09,STK050,-1.4821853974428207
2024-01-09,STK051,-2.3336161198483047
2024-01-09,STK052,-0.6782644401551767
2024-01-09,STK054,-0.28488406638257474
2024-01-09,STK055,0.19779008194185213
2024-01-09,STK056,1.0892174967107926
2024-01-09,STK057,1.3276861322676916
2024-01-09,STK058,-0.06913793472613955
2024-01-09,STK059,1.3535858895693973
2024-01-10,STK000,0.09212665843410921
2024-01-10,STK001,-0.8373982238274621
2024-01-10,STK002,-0.5944003521987352
2024-01-10,STK003,-1.4805365125650163
2024-01-10,STK004,-0.8881338537336524
2024-01-10,STK005,-0.35801668807442916
2024-01-10,STK006,0.8035850193786016
2024-01-10,STK007,1.7207698311659838
2024-01-10,STK008,-1.38218151537704
2024-01-10,STK009,0.39282746825991893
2024-01-10,STK010,-1.0405439391575344
2024-01-10,STK011,0.47469708846320197
2024-01-10,STK012,-0.1310866506877266
2024-01-10,STK013,-1.8309058258475304
2024-01-10,STK014,0.9282969915684843
2024-01-10,STK015,-0.605000712808731
2024-01-10,STK016,-0.5339002383735546
2024-01-10,STK017,-1.06975241128969
2024-01-10,STK018,-0.6542832766875555
2024-01-10,STK019,0.4278904406949172
2024-01-10,STK020,-0.18924434093640552
2024-01-10,STK021,0.32866200228248105
2024-01-10,STK022,0.3619218539288437
2024-01-10,STK023,1.320661655528167
2024-01-10,STK024,-0.3427861508643793
2024-01-10,STK025,-1.4768578168457318
2024-01-10,STK026,1.067222416571983
2024-01-10,STK028,1.114592444577377
2024-01-10,STK029,0.3833771131824704
2024-01-10,STK030,-0.13113753020334493
2024-01-10,STK031,0.3487758940462951
2024-01-10,STK033,2.076980529053753
2024-01-10,STK034,0.0693811351327787
2024-01-10,STK035,0.1601905933170753
2024-01-10,STK036,1.0762401574663856
2024-01-10,STK037,-0.8456610327673472
2024-01-10,STK038,0.3330703726182551
2024-01-10,STK039,-0.0258628479538564
2024-01-10,STK040,0.3139082114575536
2024-01-10,STK041,-0.8333688059494058
2024-01-10,STK042,-1.589567493308969
2024-01-10,STK043,-2.0729834359912918
2024-01-10,STK044,-1.1173841129896078
2024-01-10,STK045,-0.458675284939333
2024-01-10,STK046,-0.2931915866487618
2024-01-10,STK047,1.9372311624295169
2024-01-10,STK048,1.1059933699072981
2024-01-10,STK049,-0.9620911163416273
2024-01-10,STK050,0.34770845245095694
2024-01-10,STK051,-0.4070782363503251
2024-01-10,STK052,-0.28436383804009513
2024-01-10,STK053,0.18532564941538202
2024-01-10,STK054,0.6191711169753933
2024-01-10,STK055,-0.33925848388401536
2024-01-10,STK056,1.0638515327343585
2024-01-10,STK057,-1.141938226142404
2024-01-10,STK058,0.006339062362268442
2024-01-10,STK059,2.5976737265958323
2024-01-11,STK000,0.2230797426252751
2024-01-11,STK001,1.4332145066061728
2024-01-11,STK002,0.09152017817320818
2024-01-11,STK003,0.5807770953297967
2024-01-11,STK004,-0.056783194392691534
2024-01-11,STK005,-0.17040758116420443
2024-01-11,STK006,-0.7794823967254196
2024-01-11,STK007,0.4303013589575532
2024-01-11,STK008,-0.8515371891857679
2024-01-11,STK009,0.6655852363134291
2024-01-11,STK010,1.08528700444591
2024-01-11,STK011,0.36653140723722993
2024-01-11,STK012,-0.28624873355569186
2024-01-11,STK013,0.4539655793086961
2024-01-11,STK014,-0.3086730555464126
2024-01-11,STK015,0.9355471254651493
2024-01-11,STK016,-1.8314060842151236
2024-01-11,STK017,-0.3356073681186462
2024-01-11,STK018,-1.9908119951239978
2024-01-11,STK019,-1.495060830227205
2024-01-11,STK020,1.3638622298139094
2024-01-11,STK021,0.895184981971686
2024-01-11,STK022,-0.7194802332847904
2024-01-11,STK025,-0.5434955079326346
2024-01-11,STK026,2.4204150122474024
2024-01-11,STK027,0.4348842714636474
2024-01-11,STK029,0.46508020950030626
2024-01-11,STK030,-1.5609583529944429
2024-01-11,STK031,-0.29732336269763543
2024-01-11,STK032,0.09947747301573849
2024-01-11,STK033,-0.08610065182104851
2024-01-11,STK034,0.7908061216900806
2024-01-11,STK035,0.34464522623605237
2024-01-11,STK036,0.668326018107997
2024-01-11,STK037,-0.6883722822307594
2024-01-11,STK038,0.8978154084105481
2024-01-11,STK040,-0.9701495196514126
2024-01-11,STK041,-0.8876956557145598
2024-01-11,STK042,1.3357843363202329
2024-01-11,STK043,-0.19134398669506028
2024-01-11,STK044,1.403821392066557
2024-01-11,STK045,-0.4425357118921839
2024-01-11,STK046,1.4550455762707113
2024-01-11,STK047,0.13148581680545218
2024-01-11,STK048,0.2582288233226952
2024-01-11,STK049,1.5647180216699044
2024-01-11,STK050,-0.36177047744417123
2024-01-11,STK051,-0.9411220959249583
2024-01-11,STK052,-0.44856420802835434
2024-01-11,STK053,0.4523339506431387
2024-01-11,STK054,-1.5657590721805144
2024-01-11,STK055,0.6374709026511215
2024-01-11,STK056,-0.5387713176177432
2024-01-11,STK057,1.1478126607335635
2024-01-11,STK058,-2.3942603049004716
2024-01-11,STK059,-0.7865657751041687
2024-01-12,STK000,-1.686468151234102
2024-01-12,STK001,-0.8262294663639526
2024-01-12,STK002,0.24766590110894313
2024-01-12,STK003,-0.1792266254497549
2024-01-12,STK004,-0.25337756894801494
2024-01-12,STK005,-0.1591848713800608
2024-01-12,STK006,0.20338824061994343
2024-01-12,STK007,-1.0085360419431078
2024-01-12,STK008,0.7068496408990508
2024-01-12,STK009,0.6626659703854839
2024-01-12,STK010,0.385037937656101
2024-01-12,STK011,0.5565334427512632
2024-01-12,STK012,0.2964180008086595
2024-01-12,STK013,2.0350733027310675
2024-01-12,STK014,-0.0870941710525099
2024-01-12,STK015,-0.30708321833457675
2024-01-12,STK016,-0.7535275803573779
2024-01-12,STK017,-1.0322626705778368
2024-01-12,STK018,-1.2444717876010754
2024-01-12,STK019,-0.8887973132309185
2024-01-12,STK020,-0.07068038165207131
2024-01-12,STK021,0.3342951284977145
2024-01-12,STK022,0.051142058552161786
2024-01-12,STK023,-0.765535277429713
2024-01-12,STK024,0.9001845640199633
2024-01-12,STK025,0.7394126723009475
2024-01-12,STK026,-0.159648307422017
2024-01-12,STK027,-0.652916144664712
2024-01-12,STK028,0.5484279208297995
2024-01-12,STK029,0.18797358748610446
2024-01-12,STK030,-1.4481272594150476
2024-01-12,STK031,-0.0679802559844049
2024-01-12,STK032,0.26203581207438104
2024-01-12,STK033,-0.8996947864877538
2024-01-12,STK034,0.189843392837443
2024-01-12,STK035,-1.4548224852577891
2024-01-12,STK036,1.3361861000121709
2024-01-12,STK037,1.2479499850594318
2024-01-12,STK038,-0.25251733430296475
2024-01-12,STK039,0.36345433783907316
2024-01-12,STK040,-2.409921965799875
2024-01-12,STK041,-1.1563476602653329
2024-01-12,STK042,-0.2937789201521298
2024-01-12,STK043,-1.0721330214268592
2024-01-12,STK044,0.7143964826306588
2024-01-12,STK045,1.997296530747994
2024-01-12,STK046,-1.176614719429302
2024-01-12,STK047,-0.8374634040851927
2024-01-12,STK049,1.6111161484996208
2024-01-12,STK052,1.8212988508131087
2024-01-12,STK053,-1.6517591481792673
2024-01-12,STK054,-1.281069206845832
2024-01-12,STK055,-0.42360660646083825
2024-01-12,STK056,-0.520588412855411
2024-01-12,STK058,0.24165971982083806
2024-01-12,STK059,-1.7749620596421283
2024-01-15,STK000,0.5154104029008109
2024-01-15,STK002,1.274447216941239
2024-01-15,STK003,-0.6275875364369197
2024-01-15,STK004,-0.6366152831022357
2024-01-15,STK005,0.5411316108045314
2024-01-15,STK006,0.7629264823369366
2024-01-15,STK007,0.4480993639362036
2024-01-15,STK008,-1.6855973173848082
2024-01-15,STK009,0.5380344399282511
2024-01-15,STK010,-1.034308051674399
2024-01-15,STK011,0.2352761115882635
2024-01-15,STK012,-1.4237344353990602
2024-01-15,STK013,0.44632214754306365
2024-01-15,STK014,-0.8065989043073726
2024-01-15,STK015,-1.2826346502605217
2024-01-15,STK016,0.7138201364823995
2024-01-15,STK017,0.2416445216767513
2024-01-15,STK018,-0.6139768013928971
2024-01-15,STK019,1.4511788490210642
2024-01-15,STK020,-0.44065242156974244
2024-01-15,STK021,0.03210767397093466
2024-01-15,STK024,0.47113629339992935
2024-01-15,STK025,-0.5334523471647244
2024-01-15,STK026,-0.4116383222162092
2024-01-15,STK027,1.362642639803341
2024-01-15,STK028,-1.040586052512433
2024-01-15,STK029,-2.41278033092949
2024-01-15,STK030,1.6109369950118944
2024-01-15,STK031,2.549327952607003
2024-01-15,STK032,-0.40526926544933184
2024-01-15,STK034,-0.31048397619594376
2024-01-15,STK035,-0.2862229498406692
2024-01-15,STK036,-0.18992384102225704
2024-01-15,STK037,-1.1133880419218483
2024-01-15,STK038,0.5795611424764774
2024-01-15,STK039,0.5245073752860862
2024-01-15,STK040,-1.4944056198193065
2024-01-15,STK041,0.6991967316948878
2024-01-15,STK042,2.052684981945891
2024-01-15,STK043,0.17196033243705985
2024-01-15,STK045,-0.1420032144075213
2024-01-15,STK046,0.6152567669685612
2024-01-15,STK047,-1.7306716055072182
2024-01-15,STK048,0.16439070297730224
2024-01-15,STK049,-0.3904639494628101
2024-01-15,STK050,1.8478250129560454
2024-01-15,STK051,-0.17417273380495787
2024-01-15,STK052,1.6678876111195198
2024-01-15,STK053,-1.1037406977820072
2024-01-15,STK054,0.5872591668027922
2024-01-15,STK055,0.3194002637912288
2024-01-15,STK056,-0.8690472478647824
2024-01-15,STK057,0.17739611463694044
2024-01-15,STK058,1.2125188368316004
2024-01-15,STK059,-0.3237917042866007
2024-01-16,STK000,-1.6919626491697632
2024-01-16,STK001,-0.01756282647744591
2024-01-16,STK002,-0.9024230947925126
2024-01-16,STK003,-0.3423409386638824
2024-01-16,STK004,-0.08158776968512098
2024-01-16,STK005,-1.7056522160155172
2024-01-16,STK006,-1.615658339320678
2024-01-16,STK007,0.48206683552552526
2024-01-16,STK008,-0.5227186961696804
2024-01-16,STK009,-2.564744341820567
2024-01-16,STK010,0.7848440366081351
2024-01-16,STK011,0.27236975527423984
2024-01-16,STK012,-0.713874824036484
2024-01-16,STK013,-1.3168302110582415
2024-01-16,STK014,0.8358078963143372
2024-01-16,STK015,0.3493506225604296
2024-01-16,STK016,2.3826022826840734
2024-01-16,STK017,0.42018859872493736
2024-01-16,STK018,0.3877031412620148
2024-01-16,STK019,-0.16692793010856513
2024-01-16,STK020,0.816775867200791
2024-01-16,STK021,0.6250852012481537
2024-01-16,STK022,1.251725008565195
2024-01-16,STK023,-0.5213229186372847
2024-01-16,STK025,-0.4791031709119801
2024-01-16,STK026,0.7908017211789892
2024-01-16,STK027,1.498374440296732
2024-01-16,STK028,-0.45884049314930064
2024-01-16,STK029,-0.42477372779309125
2024-01-16,STK031,-0.24576150001290142
2024-01-16,STK032,0.95205365313989
2024-01-16,STK034,-0.8267050469168946
2024-01-16,STK035,-0.7824163339614458
2024-01-16,STK036,-2.320356012386145
2024-01-16,STK037,-0.9636384443688041
2024-01-16,STK038,-0.9151561158459262
2024-01-16,STK039,-0.20110465451883033
2024-01-16,STK040,1.1129658916602636
2024-01-16,STK041,-0.24506065119070236
2024-01-16,STK042,-1.0308137202711538
2024-01-16,STK043,-0.056954541213528984
2024-01-16,STK044,1.0491736214413494
2024-01-16,STK045,-0.9759588161149049
2024-01-16,STK046,-0.9105748839214486
2024-01-16,STK048,-0.22153611573080054
2024-01-16,STK049,0.6474846907094743
2024-01-16,STK050,-0.013646791795296761
2024-01-16,STK051,0.701663648089567
2024-01-16,STK052,-1.0350781140406409
2024-01-16,STK053,-0.01208465078826744
2024-01-16,STK054,-0.21069001436315682
2024-01-16,STK055,-1.2158909241041307
2024-01-16,STK056,-1.5634779478686884
2024-01-16,STK057,0.6857490352746618
2024-01-16,STK058,-0.3509523822179781
2024-01-16,STK059,-1.0222802816473295
2024-01-17,STK000,-0.09617893692333225
2024-01-17,STK001,1.1280188573493026
2024-01-17,STK002,-2.280737845371923
2024-01-17,STK003,-1.4966386899033264
2024-01-17,STK004,-0.9228864418952676
2024-01-17,STK006,0.2825869829192965
2024-01-17,STK007,0.7673172404612268
2024-01-17,STK008,-1.1401609191262305
2024-01-17,STK010,0.4478137167227104
2024-01-17,STK011,0.05827433093544655
2024-01-17,STK012,0.5487388188641266
2024-01-17,STK013,-0.18767099092845213
2024-01-17,STK014,0.278143726454627
2024-01-17,STK015,0.15811908490510918
2024-01-17,STK016,0.7777673890849254
2024-01-17,STK017,0.8070082819444706
2024-01-17,STK018,-1.6198719943917699
2024-01-17,STK019,-2.2472685553408556
2024-01-17,STK020,1.0017453976515072
2024-01-17,STK021,1.1877250932619365
2024-01-17,STK023,-1.8598354065456286
2024-01-17,STK024,0.09903482100720092
2024-01-17,STK025,0.9308382263505294
2024-01-17,STK026,1.7975945224343146
2024-01-17,STK027,0.516297572101451
2024-01-17,STK028,-0.37171669658569495
2024-01-17,STK029,-0.8931306215848627
2024-01-17,STK030,0.011451291670654416
2024-01-17,STK031,-0.2992647038852564
2024-01-17,STK034,1.785168402072131
2024-01-17,STK036,-0.9208503978091276
2024-01-17,STK037,0.8550193242972788
2024-01-17,STK038,0.6396264094979018
2024-01-17,STK039,0.44254562420405297
2024-01-17,STK040,1.2496652670437771
2024-01-17,STK041,0.6353711428612774
2024-01-17,STK042,0.7400142363043355
2024-01-17,STK043,0.6369062833722101
2024-01-17,STK044,0.3407914080021059
2024-01-17,STK045,-1.7836111297141835
2024-01-17,STK047,-0.5561919588491252
2024-01-17,STK048,-1.2798409576400205
2024-01-17,STK049,1.681816619300824
2024-01-17,STK050,1.7289953408857035
2024-01-17,STK051,1.359220600295612
2024-01-17,STK052,0.2552134168558746
2024-01-17,STK054,0.012053180601825543
2024-01-17,STK055,0.20279727689777938
2024-01-17,STK056,-1.093471370461983
2024-01-17,STK057,0.39699130449884
2024-01-17,STK058,0.0603859284244171
2024-01-17,STK059,-1.3026521168344645
2024-01-18,STK000,-0.051197111816596905
2024-01-18,STK001,-0.07972956385680847
2024-01-18,STK003,0.8942133285134095
2024-01-18,STK004,0.011445439091466015
2024-01-18,STK005,0.248787309801083
2024-01-18,STK006,0.044212378104198057
2024-01-18,STK007,-0.20291398479554773
2024-01-18,STK008,-1.0824271973882869
2024-01-18,STK009,-0.15105187760692926
2024-01-18,STK010,-0.7460982566525134
2024-01-18,STK011,-1.2503155389231464
2024-01-18,STK012,0.5112218145475347
2024-01-18,STK014,-1.786707511368078
2024-01-18,STK015,-0.12268463749512722
2024-01-18,STK016,0.9957013858999235
2024-01-18,STK017,1.0592237388963208
2024-01-18,STK018,1.0258368428852387
2024-01-18,STK019,0.0389132069014598
2024-01-18,STK020,-0.8450453279691511
2024-01-18,STK021,-1.0836988273580606
2024-01-18,STK022,0.3446049047503575
2024-01-18,STK023,0.379280034365163
2024-01-18,STK024,1.2873311116050654
2024-01-18,STK025,1.0999796503420836
2024-01-18,STK026,-0.1322286565311721
2024-01-18,STK027,-1.2442058788608694
2024-01-18,STK028,-0.31910659701089783
2024-01-18,STK029,0.21723119481052466
2024-01-18,STK030,-0.2020832453894041
2024-01-18,STK031,-0.5778941080776558
2024-01-18,STK032,0.2528848149698989
2024-01-18,STK034,-0.628066083725374
2024-01-18,STK035,0.31145283430343956
2024-01-18,STK036,-0.4019925801292048
2024-01-18,STK037,0.24410438897835213
2024-01-18,STK038,0.2732040228521227
2024-01-18,STK039,-1.1394290010915746
2024-01-18,STK040,-0.4812411238654122
2024-01-18,STK041,1.4377769399164624
2024-01-18,STK042,-1.1620795127342871
2024-01-18,STK043,-2.116654448970531
2024-01-18,STK045,0.029109946576669203
2024-01-18,STK046,0.03091727803269891
2024-01-18,STK047,-0.11761085542512094
2024-01-18,STK048,1.2141898289285016
2024-01-18,STK049,-2.672834433102938
2024-01-18,STK050,0.3959338744308236
2024-01-18,STK051,1.5614382018035733
2024-01-18,STK052,-1.127780764891714
2024-01-18,STK053,-0.3798065117898951
2024-01-18,STK054,-0.7528919172286209
2024-01-18,STK056,-0.32626200502304
2024-01-18,STK057,1.4274852836845047
2024-01-18,STK058,1.8373866754875203
2024-01-19,STK000,1.9050602140644701
2024-01-19,STK001,0.035576476984624864
2024-01-19,STK002,1.753691026701081
2024-01-19,STK003,-0.09329864965349177
2024-01-19,STK004,0.1310578260461443
2024-01-19,STK005,0.36547447264283456
2024-01-19,STK007,0.8512855748447891
2024-01-19,STK008,-0.7072645299514636
2024-01-19,STK009,0.9689978702758579
2024-01-19,STK012,0.9086013598921112
2024-01-19,STK013,0.031085587771152785
2024-01-19,STK014,0.2785759145118061
2024-01-19,STK015,0.013985221865292462
2024-01-19,STK016,0.3365831266054347
2024-01-19,STK017,0.4249658974361492
2024-01-19,STK018,-1.9369669327054153
2024-01-19,STK019,0.6665726686095336
2024-01-19,STK020,-0.9820194198303006
2024-01-19,STK021,-1.4422991355594112
2024-01-19,STK022,-0.05841124385868244
2024-01-19,STK023,0.08398100331445427
2024-01-19,STK024,-0.6935061645722808
2024-01-19,STK025,0.8310318576679744
2024-01-19,STK026,-1.342175166370907
2024-01-19,STK028,-0.5848741349330007
2024-01-19,STK029,-0.04658727033933937
2024-01-19,STK030,0.2788642846472388
2024-01-19,STK031,-1.0078929496235447
2024-01-19,STK032,0.7242826774562282
2024-01-19,STK034,-1.8919462533119105
2024-01-19,STK035,-1.958591440397031
2024-01-19,STK036,-0.012319292929311235
2024-01-19,STK037,-0.2209673177863541
2024-01-19,STK038,-0.1034201135746335
2024-01-19,STK040,0.22555983951018072
2024-01-19,STK041,0.9476496098482997
2024-01-19,STK042,-1.1111049009175582
2024-01-19,STK043,-1.1719715929007948
2024-01-19,STK045,0.2889166671687069
2024-01-19,STK046,1.2449473786464456
2024-01-19,STK047,-0.4313394382395105
2024-01-19,STK048,-2.5016998441596545
2024-01-19,STK049,-1.7039928626103755
2024-01-19,STK050,-0.8330367227960116
2024-01-19,STK051,-0.5577288874952148
2024-01-19,STK052,-0.4083886272547264
2024-01-19,STK053,0.038581122980917065
2024-01-19,STK054,-0.3117463308224471
2024-01-19,STK055,1.0493396105434072
2024-01-19,STK056,-0.6760173056813688
2024-01-19,STK058,0.4788755385204616
2024-01-19,STK059,-1.5356420699261193
2024-01-22,STK000,0.3896917053200022
2024-01-22,STK001,0.10255318372626686
2024-01-22,STK002,-0.1474424899181674
2024-01-22,STK003,1.5882761071492624
2024-01-22,STK004,-0.6222074452947179
2024-01-22,STK005,2.0602981705240784
2024-01-22,STK006,-0.2254314492280993
2024-01-22,STK007,-1.2770164449702281
2024-01-22,STK008,0.0699195809948253
2024-01-22,STK009,-1.0762452003187681
2024-01-22,STK011,0.39703330001549114
2024-01-22,STK012,0.5555820886501248
2024-01-22,STK013,-0.6221677002542582
2024-01-22,STK014,0.9874051450464006
2024-01-22,STK015,1.157507758021134
2024-01-22,STK016,1.436301756563291
2024-01-22,STK017,0.5294134071257222
2024-01-22,STK018,1.3634287120856987
2024-01-22,STK019,-1.8807984279740577
2024-01-22,STK020,-0.31790654862846257
2024-01-22,STK021,-0.8670052563234263
2024-01-22,STK022,0.11922586112739209
2024-01-22,STK023,-0.5714492191967373
2024-01-22,STK024,-0.16615784194973238
2024-01-22,STK025,1.8821748802040494
2024-01-22,STK026,-0.1697197964203783
2024-01-22,STK027,0.4137923171902139
2024-01-22,STK028,-0.2322693299242352
2024-01-22,STK029,0.07571328795683367
2024-01-22,STK030,0.006016680436071459
2024-01-22,STK031,0.4483240659731595
2024-01-22,STK032,1.165307535547177
2024-01-22,STK033,1.6473939976033294
2024-01-22,STK034,0.30962008190916684
2024-01-22,STK035,0.5895468860356021
2024-01-22,STK036,-1.150864509185567
2024-01-22,STK037,-0.08787674241562057
2024-01-22,STK038,0.940289464883589
2024-01-22,STK039,0.8659686384171532
2024-01-22,STK040,0.21160973279505021
2024-01-22,STK041,0.8863939595679524
2024-01-22,STK042,0.49076670899381886
2024-01-22,STK043,1.2003062582593216
2024-01-22,STK044,0.2893591569571111
2024-01-22,STK045,-0.35569831557103465
2024-01-22,STK046,0.33584125693302364
2024-01-22,STK047,-2.9305943758527757
2024-01-22,STK048,0.38288573638504947
2024-01-22,STK049,-3.6484128252147836
2024-01-22,STK050,-1.723463407405418
2024-01-22,STK051,0.45176860094098414
2024-01-22,STK052,0.47752933726679525
2024-01-22,STK053,-1.1624287801399305
2024-01-22,STK054,-0.7121020418789388
2024-01-22,STK055,1.370540988614132
2024-01-22,STK056,-0.48403013157267616
2024-01-22,STK057,2.242920312402985
2024-01-22,STK058,-0.001919853176346149
2024-01-22,STK059,0.4080361768812668
2024-01-23,STK000,1.6168743984986076
2024-01-23,STK001,0.13102711619341956
2024-01-23,STK003,-0.10972745169429012
2024-01-23,STK004,-0.03561073619009093
2024-01-23,STK005,-1.3647416522015654
2024-01-23,STK006,-0.25583207134082336
2024-01-23,STK007,-0.7421920939974367
2024-01-23,STK008,0.9243577571874341
2024-01-23,STK009,0.03461187418525562
2024-01-23,STK011,-0.10618193062257626
2024-01-23,STK013,0.6168141996897798
2024-01-23,STK014,-0.9997122286693814
2024-01-23,STK015,-1.0415876326212719
2024-01-23,STK016,1.10467921540253
2024-01-23,STK017,-0.4123368722047306
2024-01-23,STK018,-1.416842092596874
2024-01-23,STK019,0.44381270938310463
2024-01-23,STK020,0.4633698060326869
2024-01-23,STK021,-1.5307152572567064
2024-01-23,STK022,0.2294817154636063
2024-01-23,STK023,0.7355830924283736
2024-01-23,STK024,0.37438645170626306
2024-01-23,STK025,0.6319814837613953
2024-01-23,STK026,-1.404269098090749
2024-01-23,STK027,0.3310401549961956
2024-01-23,STK028,-0.30261975947044656
2024-01-23,STK029,-0.4827901587246448
2024-01-23,STK030,0.8705556094197265
2024-01-23,STK031,1.47927451067423
2024-01-23,STK032,1.794370054600359
2024-01-23,STK033,1.314807871505905
2024-01-23,STK034,-0.10973418163018368
2024-01-23,STK035,0.35272016302634307
2024-01-23,STK036,0.7668228717842437
2024-01-23,STK037,0.12117794929946196
2024-01-23,STK038,0.13076418791154437
2024-01-23,STK039,0.823753131876182
2024-01-23,STK040,-0.059282646025932216
2024-01-23,STK041,-0.7292869363736615
2024-01-23,STK044,0.002993291199955732
2024-01-23,STK046,0.6700792422021898
2024-01-23,STK047,-0.3748414628976096
2024-01-23,STK048,0.7562481636298061
2024-01-23,STK049,0.37884260345839443
2024-01-23,STK051,1.4423047911862443
2024-01-23,STK052,-0.5007447437569161
2024-01-23,STK053,-1.6550953431851838
2024-01-23,STK054,-1.0450437095863023
2024-01-23,STK055,-1.021045160678322
2024-01-23,STK056,0.05217331865753347
2024-01-23,STK057,-0.2738505055462372
2024-01-23,STK059,0.6197019654824789
2024-01-24,STK000,0.3398753611927038
2024-01-24,STK001,0.31604787064428624
2024-01-24,STK002,0.40982845732869266
2024-01-24,STK003,0.6161346680022383
2024-01-24,STK004,-2.107953341777443
2024-01-24,STK006,-2.180210064489474
2024-01-24,STK007,0.03605992679779541
2024-01-24,STK008,-0.00463297222434532
2024-01-24,STK009,1.0455322747896802
2024-01-24,STK010,1.1876343927211208
2024-01-24,STK011,0.20277504825236733
2024-01-24,STK012,-0.5003610773968998
2024-01-24,STK013,0.48516111254573785
2024-01-24,STK014,-0.5279176373243135
2024-01-24,STK015,-0.001392651443348899
2024-01-24,STK016,0.9861363169607678
2024-01-24,STK017,-0.5577713459894236
2024-01-24,STK018,0.8056786392425009
2024-01-24,STK019,0.6774013686923024
2024-01-24,STK020,-0.9547918171308215
2024-01-24,STK021,0.973894128217401
2024-01-24,STK022,0.6985663453715051
2024-01-24,STK023,0.10192588737265744
2024-01-24,STK024,-0.7623234580276522
2024-01-24,STK025,-0.85920601857557
2024-01-24,STK026,-0.5376625769030224
2024-01-24,STK027,0.54259446329196
2024-01-24,STK028,-0.9556251674013979
2024-01-24,STK029,0.4375122486198699
2024-01-24,STK031,-0.20406858443884895
2024-01-24,STK032,0.10964775457400863
2024-01-24,STK033,2.4451301450589167
2024-01-24,STK034,-1.3773156555203674
2024-01-24,STK035,1.4720145664901334
2024-01-24,STK036,0.14984241398728004
2024-01-24,STK037,0.41117191801596314
2024-01-24,STK038,0.11834791338820451
2024-01-24,STK039,0.444726818195233
2024-01-24,STK040,-0.15368510436201774
2024-01-24,STK041,1.4540501814574582
2024-01-24,STK043,1.1322345721792477
2024-01-24,STK044,-0.6443671202130229
2024-01-24,STK045,-0.06025184640128695
2024-01-24,STK046,-1.0719625522902192
2024-01-24,STK047,0.4550237203475199
2024-01-24,STK048,1.4451259569265338
2024-01-24,STK049,-0.07735617982085408
2024-01-24,STK050,-0.19688569870390954
2024-01-24,STK051,-1.1146169630679268
2024-01-24,STK052,-0.2292926535523081
2024-01-24,STK053,-1.5927942597215277
2024-01-24,STK054,-0.9128779867188273
2024-01-24,STK055,0.22678604610913541
2024-01-24,STK056,1.3190131977413961
2024-01-24,STK058,-0.5865850850709007
2024-01-24,STK059,1.43530015664544
2024-01-25,STK000,0.2437524804016479
2024-01-25,STK001,-0.15124764674637586
2024-01-25,STK002,0.4325944517261522
2024-01-25,STK003,0.06191648367995918
2024-01-25,STK004,0.11039572561221853
2024-01-25,STK005,-0.4083331628266692
2024-01-25,STK006,-1.3981096597988507
2024-01-25,STK007,-1.5436252025220816
2024-01-25,STK008,0.653244883281227
2024-01-25,STK009,-0.2767000900857134
2024-01-25,STK010,-0.5960888996561666
2024-01-25,STK011,0.008505626723153567
2024-01-25,STK013,0.1803639430263982
2024-01-25,STK014,-0.6560549366409674
2024-01-25,STK015,1.2262929556489497
2024-01-25,STK017,0.4945566553228533
2024-01-25,STK018,0.9736635113440901
2024-01-25,STK019,1.241959996813811
2024-01-25,STK020,1.1300993164045137
2024-01-25,STK021,0.6140991771126236
2024-01-25,STK022,0.5983470470748828
2024-01-25,STK023,0.5196605733465026
2024-01-25,STK024,-1.0973376745470436
2024-01-25,STK026,-1.355813971126554
2024-01-25,STK027,-0.7945994551250549
2024-01-25,STK028,1.3035650678080875
2024-01-25,STK029,0.8402201626941975
2024-01-25,STK030,1.4873982896858626
2024-01-25,STK031,-0.27167438368729224
2024-01-25,STK032,-1.1522488412767675
2024-01-25,STK033,-0.24043719707034283
2024-01-25,STK034,0.1020312972405742
2024-01-25,STK035,0.07898871634000969
2024-01-25,STK036,1.1336804787567016
2024-01-25,STK037,-0.36127042500344553
2024-01-25,STK038,0.35203447180292424
2024-01-25,STK039,-0.9886271494346061
2024-01-25,STK040,0.450317278043813
2024-01-25,STK041,0.003108550185636745
2024-01-25,STK042,-0.7498133382845175
2024-01-25,STK043,-0.2358293621748528
2024-01-25,STK044,-0.18417574651522164
2024-01-25,STK045,-0.2701551293370962
2024-01-25,STK046,1.7713412422676835
2024-01-25,STK047,-0.09844600230787963
2024-01-25,STK048,-0.24389611017733773
2024-01-25,STK051,-0.26307342445635284
2024-01-25,STK052,-0.6858526761766428
2024-01-25,STK053,1.381707593377797
2024-01-25,STK054,-0.16493777539621862
2024-01-25,STK055,1.2884442493182524
2024-01-25,STK056,0.061704634050368024
2024-01-25,STK057,0.037227836421576635
2024-01-25,STK058,-0.08879644771250095
2024-01-25,STK059,0.0037962516214591325
2024-01-26,STK001,-2.3196107267512183
2024-01-26,STK002,-2.001545744438679
2024-01-26,STK003,-0.5431708310561139
2024-01-26,STK004,0.014527881937568883
2024-01-26,STK005,0.6901044247640123
2024-01-26,STK006,0.4730871980274752
2024-01-26,STK007,-0.3842459128805702
2024-01-26,STK008,1.0190436932417624
2024-01-26,STK009,1.030195403152731
2024-01-26,STK010,0.18405783127156553
2024-01-26,STK012,0.2726452634321288
2024-01-26,STK013,-0.5614830267828836
2024-01-26,STK014,0.6978168390000047
2024-01-26,STK015,0.11061312257867771
2024-01-26,STK016,0.001339846754486929
2024-01-26,STK017,1.4729535721895743
2024-01-26,STK018,-2.4508721285400865
2024-01-26,STK019,-1.4176841701595697
2024-01-26,STK020,-1.18707042637437
2024-01-26,STK021,-0.3632606475688056
2024-01-26,STK022,-0.2546081697660301
2024-01-26,STK023,-1.5073256477730475
2024-01-26,STK024,-0.9851580323108263
2024-01-26,STK025,-0.8608416785235702
2024-01-26,STK026,2.457424092075892
2024-01-26,STK027,1.8017419477471466
2024-01-26,STK028,-0.4117494176846493
2024-01-26,STK031,-1.9081304132252668
2024-01-26,STK032,-0.11688018640852403
2024-01-26,STK033,-0.9978519832440257
2024-01-26,STK034,-0.08485053166200977
2024-01-26,STK035,-1.6002058490434774
2024-01-26,STK036,-0.7619744583102578
2024-01-26,STK038,0.3662095977839374
2024-01-26,STK039,0.41747195874201454
2024-01-26,STK040,-1.3204889841570373
2024-01-26,STK041,0.8546857301355617
2024-01-26,STK043,0.6328579146073064
2024-01-26,STK044,-0.010638676618193147
2024-01-26,STK045,-1.3763874990779479
2024-01-26,STK046,-0.31619770458118795
2024-01-26,STK047,0.3653637420637676
2024-01-26,STK048,0.612965380474599
2024-01-26,STK049,-0.14098789744441861
2024-01-26,STK050,1.5317788906010528
2024-01-26,STK051,1.007510770986559
2024-01-26,STK052,-0.25665411639975283
2024-01-26,STK053,0.7501218121369445
2024-01-26,STK054,1.9337934851881868
2024-01-26,STK055,1.960484600783027
2024-01-26,STK057,-0.9265331111571506
2024-01-26,STK058,1.484918786733851
2024-01-26,STK059,-1.0582810508376372
2024-01-29,STK001,-0.4861941306990469
2024-01-29,STK002,0.42022670947458574
2024-01-29,STK003,-0.10239670661109637
2024-01-29,STK004,-0.6505636204055921
2024-01-29,STK005,-0.674212461724509
2024-01-29,STK006,-0.7123370644127087
2024-01-29,STK007,-0.8795096286589426
2024-01-29,STK008,2.2816328772760617
2024-01-29,STK009,0.2975110711855549
2024-01-29,STK010,0.8867590544047386
2024-01-29,STK011,-0.4890774681189237
2024-01-29,STK012,-0.18595667718604886
2024-01-29,STK013,-0.713553981370355
2024-01-29,STK014,-2.651708334919202
2024-01-29,STK015,-1.3780092768478662
2024-01-29,STK016,-1.8106186799803947
2024-01-29,STK017,-2.2497837779516074
2024-01-29,STK018,-1.1953589742981028
2024-01-29,STK019,1.3249556793816308
2024-01-29,STK020,-0.04443616770435442
2024-01-29,STK021,1.290563762321174
2024-01-29,STK022,0.4109825769008753
2024-01-29,STK023,0.7825588257151592
2024-01-29,STK024,-0.9008969953045751
2024-01-29,STK025,0.5239509541926708
2024-01-29,STK026,0.7287142340743459
2024-01-29,STK029,0.5661877585748329
2024-01-29,STK030,-0.5495526211300829
2024-01-29,STK031,-1.122768432270995
2024-01-29,STK032,-1.1841283318982723
2024-01-29,STK033,0.08650554192146179
2024-01-29,STK034,0.3270098687893148
2024-01-29,STK035,-0.7925258304579145
2024-01-29,STK036,0.02658534132609864
2024-01-29,STK037,0.5705370361384854
2024-01-29,STK038,0.6181907146653008
2024-01-29,STK039,1.5518801201224885
2024-01-29,STK040,1.2769808321980434
2024-01-29,STK041,-1.001291432756544
2024-01-29,STK042,1.6835862095380225
2024-01-29,STK043,-0.5309765045557148
2024-01-29,STK044,1.0448728124544275
2024-01-29,STK045,0.06798662605108885
2024-01-29,STK046,-0.4121493784569676
2024-01-29,STK047,-1.8076968597749328
2024-01-29,STK048,-0.1715645102163482
2024-01-29,STK049,-1.559383235305609
2024-01-29,STK050,0.9672992358427723
2024-01-29,STK051,1.516792657139248
2024-01-29,STK052,-0.7969109892966902
2024-01-29,STK053,0.30197074251927114
2024-01-29,STK055,-0.6284847301367896
2024-01-29,STK056,0.7744947038653713
2024-01-29,STK057,-0.03853826184341251
2024-01-29,STK058,1.7396480419310116
2024-01-29,STK059,-0.482232478702921
2024-01-30,STK000,0.9993363324744892
2024-01-30,STK001,0.09741341295778198
2024-01-30,STK002,0.7957780097442332
2024-01-30,STK003,-0.4471576573299467
2024-01-30,STK004,-0.04955883755158271
2024-01-30,STK005,-0.11549887929893475
2024-01-30,STK007,0.6620815345817527
2024-01-30,STK008,0.6502490055783642
2024-01-30,STK010,1.5369656539176446
2024-01-30,STK011,1.4493448012363035
2024-01-30,STK012,-0.37494468984913537
2024-01-30,STK013,0.37305231843417824
2024-01-30,STK014,-0.6236006892582127
2024-01-30,STK015,0.023355316114555456
2024-01-30,STK016,-0.5997494491188647
2024-01-30,STK017,1.620070309136051
2024-01-30,STK018,0.3636981503429628
2024-01-30,STK019,-0.21802912810442213
2024-01-30,STK020,1.193618571856377
2024-01-30,STK021,-2.1706154097954116
2024-01-30,STK023,0.7958386552197739
2024-01-30,STK024,0.06046844811736806
2024-01-30,STK025,0.25044630026076065
2024-01-30,STK026,-1.3263961033185487
2024-01-30,STK027,-0.023233710850366202
2024-01-30,STK028,2.003509410401342
2024-01-30,STK029,0.8241996197958629
2024-01-30,STK030,0.1697065451428121
2024-01-30,STK033,-2.1291978892000176
2024-01-30,STK034,0.2576404209211606
2024-01-30,STK035,0.8454831084818539
2024-01-30,STK036,-1.5756193271706151
2024-01-30,STK037,-0.661416892306816
2024-01-30,STK038,-1.157464632233422
2024-01-30,STK040,0.05348162682190022
2024-01-30,STK041,-2.0844021549884744
2024-01-30,STK043,0.7538550699336822
2024-01-30,STK044,-0.2511025880369125
2024-01-30,STK045,-2.4807085099845416
2024-01-30,STK046,-0.9964186260023896
2024-01-30,STK047,1.2329019341026966
2024-01-30,STK048,-2.7779942807285725
2024-01-30,STK049,-0.34752341219351923
2024-01-30,STK050,-1.180000778467259
2024-01-30,STK051,0.8045703015848366
2024-01-30,STK052,-0.6751139521434614
2024-01-30,STK053,0.40395402073561154
2024-01-30,STK054,0.5654604191690931
2024-01-30,STK055,1.83622583973002
2024-01-30,STK056,-0.20294194367537022
2024-01-30,STK057,0.37604436962261134
2024-01-30,STK058,-1.485055479127436
2024-01-30,STK059,1.190413563293744
2024-01-31,STK000,-0.7605088480713647
2024-01-31,STK001,-0.5607541640877456
2024-01-31,STK002,-0.022247794849210738
2024-01-31,STK003,-1.5628843453398495
2024-01-31,STK004,0.228770028928938
2024-01-31,STK005,0.9674662729250108
2024-01-31,STK006,0.2929338234972916
2024-01-31,STK007,-1.588897564178725
2024-01-31,STK008,-0.12380929432965958
2024-01-31,STK009,0.7420289029794906
2024-01-31,STK010,-1.8779887659659078
2024-01-31,STK011,-1.074766013817714
2024-01-31,STK012,0.87654360408152
2024-01-31,STK013,0.27009543419728654
2024-01-31,STK014,0.41197158212675383
2024-01-31,STK016,0.4685527785062026
2024-01-31,STK017,0.6578880104331793
2024-01-31,STK018,2.710745527218326
2024-01-31,STK019,-0.2138045580904907
2024-01-31,STK020,-0.7978827636184951
2024-01-31,STK021,0.4277963982471327
2024-01-31,STK022,0.4389910293888949
2024-01-31,STK023,-0.5267153919462082
2024-01-31,STK024,-1.0323970195548475
2024-01-31,STK025,2.309844422090078
2024-01-31,STK026,0.3268434703880229
2024-01-31,STK027,-0.7322853814020757
2024-01-31,STK028,0.9159303022795986
2024-01-31,STK029,-0.1091451515613345
2024-01-31,STK030,-0.25288144631783127
2024-01-31,STK032,-1.29188226823169
2024-01-31,STK033,0.3526272039171724
2024-01-31,STK034,1.9129548077317522
2024-01-31,STK035,0.46617766219731077
2024-01-31,STK036,-0.3762121037834645
2024-01-31,STK037,-0.507105280428242
2024-01-31,STK038,-0.41033997334510935
2024-01-31,STK039,-0.25396267804778105
2024-01-31,STK040,-0.377806532758272
2024-01-31,STK041,0.9163114410745667
2024-01-31,STK042,-1.7332091032089831
2024-01-31,STK043,0.862000050412134
2024-01-31,STK044,-0.3796865251425611
2024-01-31,STK045,0.37694778569537224
2024-01-31,STK046,-1.1269879102008638
2024-01-31,STK047,1.328631066849436
2024-01-31,STK049,0.9595905257500736
2024-01-31,STK050,-1.5147547757935393
2024-01-31,STK051,0.8291210710660528
2024-01-31,STK052,0.4048550876357089
2024-01-31,STK054,-0.02429738377081549
2024-01-31,STK055,0.3645344890332625
2024-01-31,STK056,0.5560752738231508
2024-01-31,STK057,0.17726136694885572
2024-01-31,STK058,0.2912314168473797
2024-01-31,STK059,1.4736113922530956
2024-02-01,STK000,1.2260339099106798
2024-02-01,STK001,-2.8670549537827434
2024-02-01,STK002,-0.317438554837682
2024-02-01,STK004,-1.7520985727269711
2024-02-01,STK005,0.09418305823231217
2024-02-01,STK006,1.2487577724105066
2024-02-01,STK007,-1.0865678595905903
2024-02-01,STK008,0.3364009386898723
2024-02-01,STK009,-0.9158234772964378
2024-02-01,STK011,1.477393634170035
2024-02-01,STK012,-0.542557820111825
2024-02-01,STK013,0.46221248901062467
2024-02-01,STK014,-1.871218116060987
2024-02-01,STK015,1.8623175613948801
2024-02-01,STK016,0.602652446306499
2024-02-01,STK017,-0.18249984265026167
2024-02-01,STK018,0.5755465099998948
2024-02-01,STK019,-1.4098194289478103
2024-02-01,STK020,1.1825307417526572
2024-02-01,STK021,-0.3239847754964302
2024-02-01,STK022,-0.2040695150484347
2024-02-01,STK023,-0.49165561496548443
2024-02-01,STK024,-0.5806514027455847
2024-02-01,STK027,0.6517481414030399
2024-02-01,STK028,-0.008794689485571452
2024-02-01,STK029,0.513199811077181
2024-02-01,STK030,-0.41884874392503835
2024-02-01,STK031,2.2297318414095484
2024-02-01,STK032,-1.5679304164304986
2024-02-01,STK033,1.2609373235629844
2024-02-01,STK034,1.3679074507209708
2024-02-01,STK035,-0.8521588059655938
2024-02-01,STK037,0.9954902829453182
2024-02-01,STK038,0.9711390068229115
2024-02-01,STK039,0.028022187025876687
2024-02-01,STK041,-0.20940882703960811
2024-02-01,STK042,0.3905305963195172
2024-02-01,STK043,1.4011862750338961
2024-02-01,STK044,0.1813142178614196
2024-02-01,STK045,-0.9114436231372903
2024-02-01,STK046,0.8244270623849798
2024-02-01,STK047,0.9211507463947922
2024-02-01,STK048,0.6546595284477861
2024-02-01,STK049,0.7454989065249826
2024-02-01,STK050,-0.2709281301578081
2024-02-01,STK051,-0.9289891671305796
2024-02-01,STK052,-0.8681934306407798
2024-02-01,STK053,-1.635463248457858
2024-02-01,STK054,0.23694861154594976
2024-02-01,STK055,-0.08344878322659362
2024-02-01,STK056,-0.43998770452970876
2024-02-01,STK057,-2.95561882434507
2024-02-01,STK058,-1.247317469694169
2024-02-01,STK059,1.1208406514031668
2024-02-02,STK001,0.3605916776568414
2024-02-02,STK002,-1.3906854299752562
2024-02-02,STK003,1.4387054823592311
2024-02-02,STK004,-0.1440276600546764
2024-02-02,STK005,0.2900403964835352
2024-02-02,STK007,1.5164401005894037
2024-02-02,STK008,-0.3065656212870578
2024-02-02,STK009,-0.5932201848703592
2024-02-02,STK010,-0.3255450115195318
2024-02-02,STK011,0.5098982484765356
2024-02-02,STK012,-0.10522413425087113
2024-02-02,STK013,-0.39524414500347166
2024-02-02,STK015,-0.11420989177783689
2024-02-02,STK016,2.2995890930373193
2024-02-02,STK019,0.3573194227106268
2024-02-02,STK020,0.9629605732494478
2024-02-02,STK021,-0.7246110515177244
2024-02-02,STK022,-0.8537592225874118
2024-02-02,STK023,0.4597059550149875
2024-02-02,STK024,0.9885532424653152
2024-02-02,STK025,0.040256502000462865
2024-02-02,STK026,-1.2863933350836971
2024-02-02,STK028,-1.4271364021862412
2024-02-02,STK029,-1.767622112939381
2024-02-02,STK030,0.10948535944708751
2024-02-02,STK031,1.1250439217080253
2024-02-02,STK032,-0.013415786924808768
2024-02-02,STK033,-2.2604147573378524
2024-02-02,STK034,-0.19076046033454871
2024-02-02,STK035,-0.1627989966326071
2024-02-02,STK038,-0.3906776025991957
2024-02-02,STK039,1.7058526805445642
2024-02-02,STK040,0.44997834134654807
2024-02-02,STK041,0.5633130735164247
2024-02-02,STK042,0.11458443702387822
2024-02-02,STK043,0.32994353865726456
2024-02-02,STK045,-0.8094863188927663
2024-02-02,STK046,0.8780585789081998
2024-02-02,STK047,-1.3730030168855392
2024-02-02,STK048,0.3283679728315381
2024-02-02,STK049,0.17874096328632716
2024-02-02,STK050,-0.6162930881921079
2024-02-02,STK051,-0.022685275325646737
2024-02-02,STK052,-0.6225401526655531
2024-02-02,STK053,-1.0717013268617444
2024-02-02,STK054,-0.35361474161364437
2024-02-02,STK055,-1.1039886353716615
2024-02-02,STK056,0.3227974640932481
2024-02-02,STK057,-1.1500854941523635
2024-02-02,STK058,0.7119770229910514
2024-02-02,STK059,-1.18147906792882
2024-02-05,STK000,-0.5662949155810063
2024-02-05,STK001,-0.624603408215179
2024-02-05,STK003,0.33028994561659186
2024-02-05,STK004,-0.21173380254439425
2024-02-05,STK005,0.4987194410697233
2024-02-05,STK006,-2.107192347329688
2024-02-05,STK008,1.9975141778047627
2024-02-05,STK009,0.13234650640267256
2024-02-05,STK012,0.8956052433143455
2024-02-05,STK014,-1.6823264817910268
2024-02-05,STK015,0.21029129108614655
2024-02-05,STK016,-0.7148765618975097
2024-02-05,STK017,1.3120252622199142
2024-02-05,STK018,-0.3151743898852239
2024-02-05,STK019,-1.9345307357131178
2024-02-05,STK020,-1.268013916843997
2024-02-05,STK021,-2.7496760196305754
2024-02-05,STK022,-0.23412553728291255
2024-02-05,STK023,-0.18838412726438336
2024-02-05,STK024,-0.42446270978189776
2024-02-05,STK025,1.0788790390297387
2024-02-05,STK026,1.1985198365166936
2024-02-05,STK027,-0.1703884233561112
2024-02-05,STK028,-2.134693667476856
2024-02-05,STK029,0.6172815804922585
2024-02-05,STK030,0.5553602285085755
2024-02-05,STK031,0.309391570156945
2024-02-05,STK032,0.9814797493081158
2024-02-05,STK033,-1.16482809646104
2024-02-05,STK034,2.008755386185139
2024-02-05,STK035,-0.959427753141868
2024-02-05,STK036,0.7492229272008546
2024-02-05,STK037,-1.6873476944133516
2024-02-05,STK038,-0.9302646872700508
2024-02-05,STK039,1.5163686467253361
2024-02-05,STK040,-0.2608998230008499
2024-02-05,STK041,0.8399226051327979
2024-02-05,STK042,0.2369553887192461
2024-02-05,STK043,-0.10495815600017268
2024-02-05,STK044,1.3638503249326897
2024-02-05,STK045,-0.23665882465190033
2024-02-05,STK046,-1.7807381075634705
2024-02-05,STK047,-0.8032400919517051
2024-02-05,STK048,0.5511917287016942
2024-02-05,STK049,0.39550910636250813
2024-02-05,STK050,-1.5670582502354382
2024-02-05,STK051,-0.724342519408201
2024-02-05,STK052,-0.5817213492022466
2024-02-05,STK053,-0.365469594114225
2024-02-05,STK054,-1.3759135886015514
2024-02-05,STK055,-0.6283711081194786
2024-02-05,STK056,-0.7286104852595274
2024-02-05,STK057,0.7715332597619193
2024-02-05,STK058,0.8091213109902438
2024-02-06,STK000,-0.3920397958707315
2024-02-06,STK001,0.1399243120391134
2024-02-06,STK002,-0.8165751074555749
2024-02-06,STK004,-0.9402212089257169
2024-02-06,STK005,-0.6348131639714567
2024-02-06,STK006,-1.163473799792271
2024-02-06,STK007,0.16205955906287475
2024-02-06,STK008,0.7297156737837084
2024-02-06,STK009,-1.5870983007982418
2024-02-06,STK010,0.02512871121603335
2024-02-06,STK011,-0.21993579526633558
2024-02-06,STK012,0.3415086855368029
2024-02-06,STK013,-0.012938768103588062
2024-02-06,STK014,-1.4535992799316308
2024-02-06,STK015,-1.2623892988571654
2024-02-06,STK016,0.029423575584972723
2024-02-06,STK017,1.0287809197455093
2024-02-06,STK018,-2.214187371043003
2024-02-06,STK019,0.34572657980157995
2024-02-06,STK020,1.1896220052876432
2024-02-06,STK021,-0.1530258762062131
2024-02-06,STK022,0.5502024960264408
2024-02-06,STK023,-0.7030690808978022
2024-02-06,STK024,-0.11936619927687682
2024-02-06,STK025,-1.6209135183081516
2024-02-06,STK026,-2.344343308418874
2024-02-06,STK027,0.9427658012252752
2024-02-06,STK028,-0.9849949277244419
2024-02-06,STK030,-1.3864422532701932
2024-02-06,STK031,-1.4099697030838758
2024-02-06,STK032,-0.17383770009461635
2024-02-06,STK033,-0.7295771941356465
2024-02-06,STK034,0.37797099799469847
2024-02-06,STK035,0.4525384189795919
2024-02-06,STK036,0.32084964632460716
2024-02-06,STK037,0.2386007909284437
2024-02-06,STK040,-0.05493486620291775
2024-02-06,STK041,1.1326898205195888
2024-02-06,STK042,1.2645398093380364
2024-02-06,STK043,-1.4217636493445729
2024-02-06,STK044,-0.3123554416558699
2024-02-06,STK045,1.3581210958672605
2024-02-06,STK046,0.5080791051990653
2024-02-06,STK047,0.19526303147977275
2024-02-06,STK048,-0.21768469343465674
2024-02-06,STK049,-0.38380092570774543
2024-02-06,STK050,0.2882190630903242
2024-02-06,STK051,-0.25237412498448336
2024-02-06,STK052,-0.04257862104444418
2024-02-06,STK053,0.07859870611503737
2024-02-06,STK054,-0.6780715284934992
2024-02-06,STK055,0.5321293738814383
2024-02-06,STK056,2.9142446484154196
2024-02-06,STK057,-1.7769866393260751
2024-02-06,STK058,0.3240125241899799
2024-02-06,STK059,-0.7601900886189056
2024-02-07,STK000,0.57740257751925
2024-02-07,STK001,0.04655747332786092
2024-02-07,STK002,0.7618547740424635
2024-02-07,STK003,1.1755065765087795
2024-02-07,STK004,0.19242111776818133
2024-02-07,STK005,1.1320522884141782
2024-02-07,STK006,-2.3442978937886774
2024-02-07,STK007,1.5904522979160232
2024-02-07,STK008,0.3750621518923401
2024-02-07,STK009,1.0778433557451819
2024-02-07,STK010,-1.2198757448415216
2024-02-07,STK011,-0.8307698816053357
2024-02-07,STK012,0.14593829414477413
2024-02-07,STK013,-0.017037889337463016
2024-02-07,STK014,0.2830685880099896
2024-02-07,STK015,1.0845151609299661
2024-02-07,STK016,-1.7652203153028492
2024-02-07,STK017,0.9738190717173091
2024-02-07,STK018,0.008281909957927018
2024-02-07,STK019,-0.20378186112454774
2024-02-07,STK020,-1.4711152343848903
2024-02-07,STK021,0.503048668376865
2024-02-07,STK022,-2.414107851031037
2024-02-07,STK023,0.6483940112387127
2024-02-07,STK024,-1.492105835472992
2024-02-07,STK025,0.053457912617474034
2024-02-07,STK026,-0.11916883732792043
2024-02-07,STK027,1.1695381472938837
2024-02-07,STK028,-0.17865516901389017
2024-02-07,STK029,-0.6941385611456656
2024-02-07,STK030,-0.506602695971203
2024-02-07,STK031,1.2728827687546636
2024-02-07,STK032,0.5362969691808936
2024-02-07,STK033,-0.3856299815231613
2024-02-07,STK034,-0.23644641996451343
2024-02-07,STK035,-1.567177090585447
2024-02-07,STK036,0.388474200851541
2024-02-07,STK037,-1.7598157076954657
2024-02-07,STK038,0.7517964658354561
2024-02-07,STK039,0.12862159249126584
2024-02-07,STK040,2.3869517995739225
2024-02-07,STK041,-1.1001355537243058
2024-02-07,STK042,-0.10266209104063294
2024-02-07,STK044,1.1913896402914144
2024-02-07,STK045,-0.6962120515798997
2024-02-07,STK046,0.22396742837344774
2024-02-07,STK047,0.001999356415087233
2024-02-07,STK048,0.2819558673941572
2024-02-07,STK049,-0.6986804359848298
2024-02-07,STK050,-0.08932040270073452
2024-02-07,STK051,-1.5980523752767137
2024-02-07,STK052,0.13512345186808206
2024-02-07,STK053,0.45002067342183205
2024-02-07,STK054,-0.227419412643884
2024-02-07,STK055,-1.6150508905847878
2024-02-07,STK056,0.9885318628514624
2024-02-07,STK057,0.3645250379928023
2024-02-07,STK058,-0.7260150977009768
2024-02-07,STK059,-0.28060044683806395
2024-02-08,STK000,-1.5006694027818388
2024-02-08,STK001,-1.0254101277779044
2024-02-08,STK002,-0.5378113463571395
2024-02-08,STK003,1.2284208122801512
2024-02-08,STK004,-0.6395033908874757
2024-02-08,STK005,0.6402136593287587
2024-02-08,STK007,0.24794756085187486
2024-02-08,STK008,-0.14139550214380217
2024-02-08,STK009,0.8730566000927434
2024-02-08,STK010,-0.5348113382185579
2024-02-08,STK011,-1.572528250002441
2024-02-08,STK012,-1.3819490313636327
2024-02-08,STK013,-0.5318774939427574
2024-02-08,STK014,-1.2490599706780527
2024-02-08,STK015,0.4102120156795513
2024-02-08,STK017,2.3746065500264315
2024-02-08,STK018,-1.737714595137132
2024-02-08,STK019,0.20363317870980122
2024-02-08,STK020,-1.127953023505669
2024-02-08,STK021,-0.4934013403826786
2024-02-08,STK022,0.14141947334054417
2024-02-08,STK023,-2.325371374874287
2024-02-08,STK024,0.23682611678802748
2024-02-08,STK026,-0.45343829836859284
2024-02-08,STK027,0.2598078568055095
2024-02-08,STK028,1.0249216931253993
2024-02-08,STK029,-0.16395350002699655
2024-02-08,STK030,-0.5809601885314832
2024-02-08,STK031,-2.2757364037217522
2024-02-08,STK032,0.6409907193949733
2024-02-08,STK033,-0.11316840972889723
2024-02-08,STK034,-1.0126838513881617
2024-02-08,STK035,0.12659671027769356
2024-02-08,STK036,-0.5836803568061814
2024-02-08,STK037,-0.5284261311155256
2024-02-08,STK038,0.6062911561087082
2024-02-08,STK039,-1.3383824113238445
2024-02-08,STK040,1.0473152860737585
2024-02-08,STK041,-1.3976861631184037
2024-02-08,STK042,-0.6627014083552638
2024-02-08,STK043,1.9229461940665773
2024-02-08,STK045,0.09760399249544019
2024-02-08,STK046,-0.9405302155012165
2024-02-08,STK047,-0.5292723066998932
2024-02-08,STK048,0.0732753145856964
2024-02-08,STK049,0.03752323233959842
2024-02-08,STK050,-0.09087092962596285
2024-02-08,STK051,-0.03083251408418433
2024-02-08,STK053,-1.4419787356400129
2024-02-08,STK054,-0.5165107421608328
2024-02-08,STK055,0.9146240539868465
2024-02-08,STK056,-1.3683342975511175
2024-02-08,STK057,-0.18955551153927852
2024-02-08,STK058,-0.819753928770844
2024-02-08,STK059,0.11135042939811132
2024-02-09,STK000,-0.38863318106681816
2024-02-09,STK001,1.477393664974669
2024-02-09,STK002,0.5065831541902538
2024-02-09,STK003,-1.3118031657772113
2024-02-09,STK004,0.6712280116136986
2024-02-09,STK005,-0.774651856262063
2024-02-09,STK006,-0.5769963713775336
2024-02-09,STK007,0.3138190201071218
2024-02-09,STK009,0.8928558163229553
2024-02-09,STK010,-0.7745100615133954
2024-02-09,STK011,-0.6189465525913632
2024-02-09,STK012,-0.6563708935481088
2024-02-09,STK013,-0.5656387483550389
2024-02-09,STK014,1.099191555547813
2024-02-09,STK015,0.6287962936103031
2024-02-09,STK016,1.709943954012071
2024-02-09,STK017,2.2676442038992546
2024-02-09,STK020,-1.176200316643433
2024-02-09,STK021,-0.7776059277482671
2024-02-09,STK022,-0.6300825102556694
2024-02-09,STK023,-1.0571548741382744
2024-02-09,STK024,-1.0518872728984137
2024-02-09,STK026,-1.216718418386407
2024-02-09,STK027,0.8421269591376328
2024-02-09,STK028,-0.9177535374175142
2024-02-09,STK029,2.809568970096392
2024-02-09,STK031,0.07201764191705222
2024-02-09,STK032,-1.2953411844660352
2024-02-09,STK033,1.7060917581276394
2024-02-09,STK035,0.29691587073611253
2024-02-09,STK036,-1.3468025487795656
2024-02-09,STK037,0.21066687772462028
2024-02-09,STK038,-1.121431046017255
2024-02-09,STK039,1.4623552634733608
2024-02-09,STK042,-2.4363756632473224
2024-02-09,STK043,-0.9834159786590306
2024-02-09,STK044,0.6877611315998724
2024-02-09,STK045,1.2128836917231558
2024-02-09,STK046,1.1091698114921316
2024-02-09,STK047,-1.5920130022414554
2024-02-09,STK048,0.30155230681290407
2024-02-09,STK049,1.0155152164829295
2024-02-09,STK050,-1.6583355655822452
2024-02-09,STK051,-0.007904515373236347
2024-02-09,STK052,0.27384239830845625
2024-02-09,STK054,-1.8521618554012016
2024-02-09,STK055,-0.3256981100737287
2024-02-09,STK056,-0.327305430255024
2024-02-09,STK057,-0.1480724045477542
2024-02-09,STK058,-0.5634714254250696
2024-02-09,STK059,-0.4430121532414673
2024-02-12,STK000,-0.0397062823469779
2024-02-12,STK001,0.4424546049697111
2024-02-12,STK002,-0.3044267628566672
2024-02-12,STK003,-0.4096489283680019
2024-02-12,STK004,0.09235403825445808
2024-02-12,STK005,-1.9209159258951816
2024-02-12,STK006,0.4770351272264581
2024-02-12,STK007,-0.0005630971229588082
2024-02-12,STK008,0.039693526597561826
2024-02-12,STK009,0.960734307594464
2024-02-12,STK010,-1.9528155300482481
2024-02-12,STK011,-1.9738338698589637
2024-02-12,STK012,0.27380384532351953
2024-02-12,STK013,-0.007116855128515773
2024-02-12,STK014,0.17017694319193222
2024-02-12,STK015,-0.46212707517244556
2024-02-12,STK016,0.6643536742399312
2024-02-12,STK017,0.93263884299112
2024-02-12,STK018,0.48398229395152703
2024-02-12,STK019,-0.26082845840458313
2024-02-12,STK020,-2.107689387614403
2024-02-12,STK021,0.7692362080371281
2024-02-12,STK022,1.2217286662175928
2024-02-12,STK023,0.64455841198398
2024-02-12,STK025,0.6737943936677578
2024-02-12,STK026,0.8605297079614455
2024-02-12,STK027,1.5588162477990857
2024-02-12,STK028,-0.8761099242279576
2024-02-12,STK029,-0.22645458454413847
2024-02-12,STK030,0.7472720511434552
2024-02-12,STK031,0.05741007143815779
2024-02-12,STK033,0.414616285026703
2024-02-12,STK035,0.08796289633100199
2024-02-12,STK036,0.21958492717994416
2024-02-12,STK037,-0.25870590168573016
2024-02-12,STK038,1.4782789357160593
2024-02-12,STK040,-0.5873207627637789
2024-02-12,STK041,0.010985513527525621
2024-02-12,STK042,0.8789540277008926
2024-02-12,STK043,-1.4973731700945367
2024-02-12,STK044,-1.3102967497654392
2024-02-12,STK045,-2.037728507734718
2024-02-12,STK046,0.03269522525327079
2024-02-12,STK047,-1.1183058172065439
2024-02-12,STK049,0.661378189891708
2024-02-12,STK050,-0.6415427207828466
2024-02-12,STK051,0.23128202274336457
2024-02-12,STK052,-0.29933790775172203
2024-02-12,STK053,0.6721143150964368
2024-02-12,STK054,0.4751280673480088
2024-02-12,STK055,-0.69193369617461
2024-02-12,STK056,-0.16865175340045263
2024-02-12,STK058,0.393376870254097
2024-02-12,STK059,-1.3969620577511315
2024-02-13,STK000,0.6556180611713827
2024-02-13,STK001,-1.0846106224362382
2024-02-13,STK002,1.412513069961006
2024-02-13,STK003,1.024098839841025
2024-02-13,STK004,0.2898854759184008
2024-02-13,STK005,0.1572328434361934
2024-02-13,STK006,-0.20903225602742
2024-02-13,STK007,0.6785239514000281
2024-02-13,STK008,-0.37077816946206166
2024-02-13,STK009,0.23556987063989387
2024-02-13,STK010,0.8719343665194511
2024-02-13,STK011,-0.5618065435255897
2024-02-13,STK012,-0.6161927399906946
2024-02-13,STK013,-1.194365480724459
2024-02-13,STK014,-1.0644727461261723
2024-02-13,STK015,-1.8283953114415024
2024-02-13,STK016,0.7298287890155296
2024-02-13,STK017,1.8089145420827708
2024-02-13,STK019,-1.6260844886265164
2024-02-13,STK020,0.7248546715562
2024-02-13,STK022,-0.456809980738664
2024-02-13,STK023,0.10144743065004946
2024-02-13,STK024,-2.0078930508046704
2024-02-13,STK025,0.2667361679766415
2024-02-13,STK026,-1.0635597294347174
2024-02-13,STK027,0.19963501791151453
2024-02-13,STK028,-1.5612029221888803
2024-02-13,STK029,0.5428582244775959
2024-02-13,STK030,1.0245126754266898
2024-02-13,STK031,-0.7831798617151676
2024-02-13,STK032,-1.1369225814104345
2024-02-13,STK033,-2.156023042549981
2024-02-13,STK034,-0.26641353407517704
2024-02-13,STK035,-0.5815939342816051
2024-02-13,STK036,-1.5510194123480547
2024-02-13,STK037,0.45301875631217164
2024-02-13,STK038,-0.44997038186464916
2024-02-13,STK039,-1.0757359586452324
2024-02-13,STK040,-0.5545724056404471
2024-02-13,STK041,1.0713045389296156
2024-02-13,STK042,0.6029369437552222
2024-02-13,STK043,-0.13002606149848983
2024-02-13,STK044,0.6191050184648526
2024-02-13,STK045,-1.160911956386739
2024-02-13,STK046,0.03237010072703053
2024-02-13,STK048,-0.4698365084987269
2024-02-13,STK050,-0.7804334546444512
2024-02-13,STK051,0.5098207077761179
2024-02-13,STK052,0.5518587715312919
2024-02-13,STK053,-2.917159880697066
2024-02-13,STK054,1.1903057035101177
2024-02-13,STK055,-3.047632565352754
2024-02-13,STK056,-0.6160490255561253
2024-02-13,STK057,1.025348034257755
2024-02-13,STK058,-0.31728672525244067
2024-02-13,STK059,-1.466185982469542
2024-02-14,STK000,-1.0937370617166706
2024-02-14,STK002,-1.9215045305486382
2024-02-14,STK003,1.1289911009620173
2024-02-14,STK004,-0.05510209904228934
2024-02-14,STK005,-1.1923953304424335
2024-02-14,STK006,-0.5831150723026911
2024-02-14,STK007,-1.0172243411016413
2024-02-14,STK008,0.8662252008585286
2024-02-14,STK009,0.7324278097628383
2024-02-14,STK010,-1.7191611338760466
2024-02-14,STK011,-0.4035921185193341
2024-02-14,STK012,-0.8631856623442771
2024-02-14,STK013,1.2935099684593703
2024-02-14,STK014,-1.350099118126421
2024-02-14,STK016,-0.033294739516937566
2024-02-14,STK017,-1.1619344063800876
2024-02-14,STK018,-0.6772741840092779
2024-02-14,STK019,-0.8016188407684506
2024-02-14,STK020,-1.274618402015506
2024-02-14,STK021,0.09482685973037566
2024-02-14,STK022,-1.2279155506918433
2024-02-14,STK023,-2.1803662087381888
2024-02-14,STK024,-0.3796764708481731
2024-02-14,STK025,-1.8028561964178826
2024-02-14,STK026,-0.7521608680675204
2024-02-14,STK027,-0.9091028886033559
2024-02-14,STK028,-0.8712160720258142
2024-02-14,STK029,2.0009631015901537
2024-02-14,STK030,0.05641156716957076
2024-02-14,STK031,0.24537100899533215
2024-02-14,STK032,-1.7763982963422946
2024-02-14,STK033,-0.6539631336369219
2024-02-14,STK034,0.21530262994151197
2024-02-14,STK035,-1.0245289129130064
2024-02-14,STK036,0.9080628435179854
2024-02-14,STK038,-0.2863661358651756
2024-02-14,STK039,-0.5860516399755586
2024-02-14,STK040,0.16432065938191598
2024-02-14,STK041,-0.640490071855426
2024-02-14,STK042,-0.27089362707093734
2024-02-14,STK043,-0.23613009177798555
2024-02-14,STK044,-0.734387757391301
2024-02-14,STK046,0.23838837483742528
2024-02-14,STK047,-0.0886139452531673
2024-02-14,STK048,-0.4304583334619581
2024-02-14,STK049,0.796544030519997
2024-02-14,STK050,-0.23583424381418136
2024-02-14,STK051,-0.3066972878259372
2024-02-14,STK052,0.10469002988812601
2024-02-14,STK053,1.6965866829708507
2024-02-14,STK054,-1.340356208021204
2024-02-14,STK055,0.7698568930553547
2024-02-14,STK056,-1.893171161238105
2024-02-14,STK057,0.21727315822862395
2024-02-14,STK058,1.5750828276087308
2024-02-15,STK000,0.1706250785397928
2024-02-15,STK001,-0.5604494688030756
2024-02-15,STK002,0.03104720048855424
2024-02-15,STK003,-0.2520628154033563
2024-02-15,STK004,-0.7859766079313554
2024-02-15,STK005,-0.28987561547486984
2024-02-15,STK006,0.19838116062643954
2024-02-15,STK007,-0.7672170685306403
2024-02-15,STK008,-0.8062818206846841
2024-02-15,STK009,-1.3602434375921744
2024-02-15,STK010,0.3907250260888961
2024-02-15,STK011,0.5453232619670604
2024-02-15,STK012,0.23166044423651747
2024-02-15,STK013,0.9651704927286658
2024-02-15,STK014,0.08786763708072752
2024-02-15,STK015,0.3920109373657567
2024-02-15,STK016,0.30383742563756283
2024-02-15,STK017,-0.09154001941820787
2024-02-15,STK018,-0.5308218281296473
2024-02-15,STK019,2.214152615791911
2024-02-15,STK020,-0.4519509798535085
2024-02-15,STK021,-0.6658777111204364
2024-02-15,STK022,0.43400982345010697
2024-02-15,STK023,0.25185441529500513
2024-02-15,STK024,-1.4047915476103274
2024-02-15,STK025,1.1226782545637386
2024-02-15,STK026,-0.09419457535083331
2024-02-15,STK028,1.188784114353874
2024-02-15,STK029,0.625675571596154
2024-02-15,STK030,-1.2645419919479142
2024-02-15,STK031,1.7771828402577243
2024-02-15,STK032,0.6587973683661927
2024-02-15,STK033,-0.010196115625046132
2024-02-15,STK034,1.5902188056217794
2024-02-15,STK035,0.15929778382964058
2024-02-15,STK036,-0.02808307510403198
2024-02-15,STK037,-0.660300116021989
2024-02-15,STK038,0.5818504393070786
2024-02-15,STK039,0.4766029673239799
2024-02-15,STK040,0.014680139889711287
2024-02-15,STK041,-0.789986353867603
2024-02-15,STK042,0.12992985416607386
2024-02-15,STK043,-0.06979878576213788
2024-02-15,STK044,-1.333474318734201
2024-02-15,STK045,-1.4718123513241856
2024-02-15,STK046,0.5651533788097695
2024-02-15,STK048,0.20541052696125997
2024-02-15,STK049,-0.4780830577538245
2024-02-15,STK050,1.3082466068799101
2024-02-15,STK051,-0.49346820915387574
2024-02-15,STK052,0.659484214251896
2024-02-15,STK053,-0.3969138412377916
2024-02-15,STK054,0.11374815348614345
2024-02-15,STK055,0.7368365309200512
2024-02-15,STK056,-0.46255571632458015
2024-02-15,STK058,-0.9936978771064832
2024-02-15,STK059,0.2945928425583791
2024-02-16,STK000,0.9226397227878528
2024-02-16,STK001,0.6600374917903349
2024-02-16,STK002,1.9164448767354103
2024-02-16,STK003,-0.7634393173106605
2024-02-16,STK006,0.660442566548437
2024-02-16,STK007,0.4979229342693786
2024-02-16,STK008,0.10225665964741577
2024-02-16,STK009,-1.12295704910713
2024-02-16,STK010,0.7668672933290608
2024-02-16,STK011,-1.2247047776505404
2024-02-16,STK012,1.1589495823768998
2024-02-16,STK013,2.857438423139865
2024-02-16,STK014,0.3664511465715505
2024-02-16,STK015,0.5831081356577431
2024-02-16,STK016,-0.4928597688955594
2024-02-16,STK017,-1.8102133210868163
2024-02-16,STK018,-0.6027193630302223
2024-02-16,STK019,-1.0928952410987494
2024-02-16,STK020,-1.4470045764150157
2024-02-16,STK021,1.7223599419956492
2024-02-16,STK022,0.272862518025773
2024-02-16,STK023,0.37968758061398367
2024-02-16,STK024,-0.30902236519624954
2024-02-16,STK025,-0.17287108244343635
2024-02-16,STK026,0.9645506822393334
2024-02-16,STK027,-0.03233711869521544
2024-02-16,STK028,0.5306939380247327
2024-02-16,STK029,-0.19600429784501586
2024-02-16,STK031,-1.406914165601862
2024-02-16,STK032,-1.977749062367128
2024-02-16,STK033,-0.2615619010664018
2024-02-16,STK034,0.05649669199323269
2024-02-16,STK035,-1.286130036708791
2024-02-16,STK036,-0.03447486503463288
2024-02-16,STK037,0.053752562990502024
2024-02-16,STK038,-2.156008006059379
2024-02-16,STK039,-0.9151246594795012
2024-02-16,STK040,0.4072638937354685
2024-02-16,STK043,0.15844805049973495
2024-02-16,STK044,1.0224072253604721
2024-02-16,STK045,0.7770729589908982
2024-02-16,STK046,-0.09528578701393456
2024-02-16,STK047,-0.4679763133242924
2024-02-16,STK048,-0.6293444843345044
2024-02-16,STK049,0.4678197829096571
2024-02-16,STK050,0.19510397314288802
2024-02-16,STK051,0.6294040061022004
2024-02-16,STK052,0.13187381312115198
2024-02-16,STK053,0.8187639503474419
2024-02-16,STK054,0.09459253295770016
2024-02-16,STK055,0.7846887161316864
2024-02-16,STK056,0.8708227703666389
2024-02-16,STK057,-0.8045266302248135
2024-02-16,STK059,1.5434928560145533
2024-02-19,STK000,0.2566587307122617
2024-02-19,STK001,-1.7144858954961215
2024-02-19,STK002,-0.7138194972187111
2024-02-19,STK003,0.7718742923698284
2024-02-19,STK004,-0.279676831132893
2024-02-19,STK005,-0.5120614193191271
2024-02-19,STK006,1.4008818603129667
2024-02-19,STK007,-1.0472871463838105
2024-02-19,STK008,-0.7981533577548339
2024-02-19,STK009,0.21138647504826755
2024-02-19,STK010,0.39045493205388226
2024-02-19,STK011,0.4963430343407315
2024-02-19,STK012,0.9112380445689469
2024-02-19,STK013,0.19857862068151685
2024-02-19,STK014,0.48938393893840915
2024-02-19,STK015,-0.2592092593150832
2024-02-19,STK016,0.06269830323671424
2024-02-19,STK017,0.10753418005363442
2024-02-19,STK018,0.21509813581903608
2024-02-19,STK019,0.7725398075827608
2024-02-19,STK020,0.555145681944831
2024-02-19,STK021,0.0442170029001831
2024-02-19,STK022,-0.8091259849410398
2024-02-19,STK023,0.06767125806270954
2024-02-19,STK024,-0.028017784895743934
2024-02-19,STK025,0.19318157981319836
2024-02-19,STK026,2.206525307140402
2024-02-19,STK027,-0.5237727785412354
2024-02-19,STK028,0.42228901912535954
2024-02-19,STK029,1.0684620672442982
2024-02-19,STK030,0.09800191409938289
2024-02-19,STK031,2.337845119172165
2024-02-19,STK033,0.32408922232004705
2024-02-19,STK034,-0.798805744892982
2024-02-19,STK035,-0.35152473514329313
2024-02-19,STK036,0.2489339103966579
2024-02-19,STK037,0.8463040623077297
2024-02-19,STK038,0.3190948340235742
2024-02-19,STK039,1.259114849334736
2024-02-19,STK040,-0.09496531059267174
2024-02-19,STK041,-0.33216852983900536
2024-02-19,STK042,2.7039851072793866
2024-02-19,STK043,0.39423764944203077
2024-02-19,STK044,-0.7194815459785476
2024-02-19,STK045,-0.6942637622480688
2024-02-19,STK046,-0.9426799145313405
2024-02-19,STK047,0.9365693558567879
2024-02-19,STK048,-0.36437729289324183
2024-02-19,STK049,0.12736247565648562
2024-02-19,STK050,-0.06350867443826871
2024-02-19,STK051,0.7314924079409346
2024-02-19,STK052,-0.8467440928840201
2024-02-19,STK053,-1.0755722861430155
2024-02-19,STK054,0.22429730718159427
2024-02-19,STK055,0.600959284699897
2024-02-19,STK056,0.33253231309764075
2024-02-19,STK057,-0.8094537290973276
2024-02-19,STK058,0.6774848420913938
2024-02-19,STK059,-0.7438609270956342
2024-02-20,STK001,-0.9439535247220022
2024-02-20,STK002,1.3011583486520308
2024-02-20,STK003,0.6334215410273492
2024-02-20,STK004,0.6049933756788733
2024-02-20,STK005,1.2472114211424503
2024-02-20,STK006,2.8126492482387233
2024-02-20,STK007,-1.7092261039101555
2024-02-20,STK008,-0.7383765808771081
2024-02-20,STK009,-0.6161750841745238
2024-02-20,STK010,-0.8508196223826928
2024-02-20,STK011,-1.0775832476037126
2024-02-20,STK012,-0.2996530640553656
2024-02-20,STK013,-1.216603715289405
2024-02-20,STK014,0.3350423675374132
2024-02-20,STK015,0.051698321428614635
2024-02-20,STK016,0.4810286647636553
2024-02-20,STK017,0.5077284516382525
2024-02-20,STK018,0.6030068534266765
2024-02-20,STK019,-0.3734089368238823
2024-02-20,STK020,2.1211434026336673
2024-02-20,STK021,0.23443111648209775
2024-02-20,STK022,-1.862484752624795
2024-02-20,STK023,-1.0023757457662175
2024-02-20,STK024,-1.7405029890278156
2024-02-20,STK025,0.01733462915130733
2024-02-20,STK026,-0.12180522405333363
2024-02-20,STK027,-0.4684256978994578
2024-02-20,STK028,2.010926112400514
2024-02-20,STK029,0.5489828740769108
2024-02-20,STK030,0.7260983614463344
2024-02-20,STK031,-0.9310734879421032
2024-02-20,STK032,-0.9991448913310123
2024-02-20,STK033,0.03680549909695475
2024-02-20,STK034,0.17300713965222583
2024-02-20,STK035,-1.856311567114457
2024-02-20,STK036,-0.18030702284953407
2024-02-20,STK037,0.014072082873504806
2024-02-20,STK038,-0.21514916577112894
2024-02-20,STK040,-0.53953518192114
2024-02-20,STK041,-0.17685919357279603
2024-02-20,STK042,0.09080002361004777
2024-02-20,STK043,0.604791582550568
2024-02-20,STK044,1.0808562049508712
2024-02-20,STK046,-0.45615619611535785
2024-02-20,STK047,0.43765567353430623
2024-02-20,STK048,0.6108449164108543
2024-02-20,STK049,-0.4342004332588856
2024-02-20,STK050,0.7903934769661722
2024-02-20,STK051,0.9795853411559731
2024-02-20,STK052,1.291686465658673
2024-02-20,STK053,1.7783209067198225
2024-02-20,STK054,-0.8664161386594389
2024-02-20,STK055,0.01389820933251119
2024-02-20,STK056,0.011277696618660139
2024-02-20,STK057,-0.0980735685325076
2024-02-20,STK058,-0.6492629196101362
2024-02-20,STK059,-1.4855620032310715
2024-02-21,STK000,0.0926794460290038
2024-02-21,STK001,-0.7683556595479125
2024-02-21,STK002,0.085993480747625
2024-02-21,STK003,-0.7940435416988534
2024-02-21,STK004,-1.0996583458443414
2024-02-21,STK005,0.2342983603768977
2024-02-21,STK007,0.579281971320933
2024-02-21,STK010,0.4850817670641296
2024-02-21,STK011,-1.0775613288673254
2024-02-21,STK013,1.5828294467733337
2024-02-21,STK014,-0.9234797799333037
2024-02-21,STK015,-1.043944071468642
2024-02-21,STK016,-0.03909892121655298
2024-02-21,STK017,-0.09019241337738836
2024-02-21,STK018,-0.9025065064432917
2024-02-21,STK020,1.2293757176501043
2024-02-21,STK021,-0.8059936088317976
2024-02-21,STK022,-1.3936724843661716
2024-02-21,STK023,0.9425936208997923
2024-02-21,STK024,0.4922969119380367
2024-02-21,STK025,-0.6205186206486616
2024-02-21,STK026,-1.582167016126918
2024-02-21,STK027,-0.7446233564385631
2024-02-21,STK028,-0.05470443684927131
2024-02-21,STK029,1.165672089883819
2024-02-21,STK030,-1.036581974869657
2024-02-21,STK031,-0.08451988151147344
2024-02-21,STK032,0.675144659894898
2024-02-21,STK034,1.0337861679388998
2024-02-21,STK036,0.3319954934569346
2024-02-21,STK037,0.24668314961074406
2024-02-21,STK038,1.084586391463845
2024-02-21,STK039,0.5509243808935403
2024-02-21,STK040,-2.377290491729981
2024-02-21,STK042,0.13820512935328008
2024-02-21,STK043,-0.19497988611978695
2024-02-21,STK044,0.47761072975677044
2024-02-21,STK045,0.7893665556697054
2024-02-21,STK047,-0.21427494255446522
2024-02-21,STK048,-1.8463370111204804
2024-02-21,STK049,-0.4554812488548173
2024-02-21,STK050,0.4163681481389552
2024-02-21,STK051,-1.0904472525504776
2024-02-21,STK053,0.9083932972673044
2024-02-21,STK054,0.12686697629584257
2024-02-21,STK055,-3.063779866312396
2024-02-21,STK056,-1.2780883627118034
2024-02-21,STK057,1.8861891585560817
2024-02-21,STK058,-0.546537793028378
2024-02-21,STK059,-1.984143223128996
2024-02-22,STK000,1.2352473883102724
2024-02-22,STK001,0.013355591543672855
2024-02-22,STK002,1.1049404889577255
2024-02-22,STK003,0.2769586752193653
2024-02-22,STK004,0.4585591362121688
2024-02-22,STK005,0.3630092477145166
2024-02-22,STK007,2.2774304485560983
2024-02-22,STK008,0.9710063359591881
2024-02-22,STK009,-1.580339317845535
2024-02-22,STK010,0.4466615152789034
2024-02-22,STK011,1.1414807681032177
2024-02-22,STK012,1.202700806536146
2024-02-22,STK014,1.1649444451881277
2024-02-22,STK015,0.9277423995512052
2024-02-22,STK016,2.57251743696973
2024-02-22,STK017,-0.7500017362485115
2024-02-22,STK018,-0.5074005764004252
2024-02-22,STK019,-0.3061190484599539
2024-02-22,STK020,-0.4902221500387753
2024-02-22,STK021,-0.890020749763603
2024-02-22,STK022,-2.762675505673743
2024-02-22,STK023,-0.4346994737231341
2024-02-22,STK024,0.36935805969990443
2024-02-22,STK025,-0.4932218455059107
2024-02-22,STK026,1.9353811835291097
2024-02-22,STK027,0.013375812715862578
2024-02-22,STK028,1.2910290551841355
2024-02-22,STK029,0.26142041272996835
2024-02-22,STK031,0.27924155393356226
2024-02-22,STK032,1.3687846319035628
2024-02-22,STK033,0.05593935013240072
2024-02-22,STK034,0.4961207080887857
2024-02-22,STK035,0.3663329336500437
2024-02-22,STK036,-0.2882854581273188
2024-02-22,STK037,0.4049823189246768
2024-02-22,STK038,2.234386246197682
2024-02-22,STK039,-0.270396942095442
2024-02-22,STK040,0.4194648928532483
2024-02-22,STK041,1.2577789508694428
2024-02-22,STK042,1.1402532809442802
2024-02-22,STK044,-2.3833887029573617
2024-02-22,STK045,0.5167028186484662
2024-02-22,STK046,-2.2194742586230527
2024-02-22,STK047,1.469937230941231
2024-02-22,STK048,0.16947387119326057
2024-02-22,STK049,0.999674019871989
2024-02-22,STK050,-0.9021111381810512
2024-02-22,STK051,-1.5525074733000543
2024-02-22,STK052,0.2607543841411672
2024-02-22,STK053,-0.03360343995614198
2024-02-22,STK054,-0.4915408261571657
2024-02-22,STK055,0.08466128073276377
2024-02-22,STK056,2.76743589203226
2024-02-22,STK057,0.8345255473690577
2024-02-22,STK058,1.049498605863319
2024-02-22,STK059,0.8439368915533556
2024-02-23,STK000,1.4794621438521929
2024-02-23,STK001,-0.1900716729007449
2024-02-23,STK002,-2.0547613076752937
2024-02-23,STK003,-0.1885861330060098
2024-02-23,STK004,0.8117357099965018
2024-02-23,STK005,-0.9698003951150737
2024-02-23,STK007,-0.6917697430023131
2024-02-23,STK008,1.5020292518431304
2024-02-23,STK009,0.7494570154065637
2024-02-23,STK010,0.651540620643959
2024-02-23,STK011,0.6216013131209713
2024-02-23,STK012,-0.037249252552126945
2024-02-23,STK013,0.1975562825275035
2024-02-23,STK014,-1.1851845805323176
2024-02-23,STK015,-2.1864419787505676
2024-02-23,STK016,0.15008113034502407
2024-02-23,STK019,1.5713358160823676
2024-02-23,STK020,1.5699984849989468
2024-02-23,STK022,-0.3522650349497693
2024-02-23,STK023,0.48033429588137955
2024-02-23,STK024,2.5319046777421774
2024-02-23,STK025,1.480099203713916
2024-02-23,STK026,1.1193971619983802
2024-02-23,STK028,-0.8831996311551246
2024-02-23,STK029,0.7889078833832395
2024-02-23,STK030,-1.10066126423436
2024-02-23,STK031,-0.23843635098030264
2024-02-23,STK032,-0.11477794900192263
2024-02-23,STK033,1.592912089122808
2024-02-23,STK035,-2.4392496385726155
2024-02-23,STK036,0.5044446476624683
2024-02-23,STK037,-0.6990218531039264
2024-02-23,STK038,0.042631024437746814
2024-02-23,STK039,-0.08670470084212364
2024-02-23,STK042,-1.5328648783527072
2024-02-23,STK043,-0.5170142249543602
2024-02-23,STK044,0.6840379131173813
2024-02-23,STK046,-1.6088067092699718
2024-02-23,STK047,0.6685553432567358
2024-02-23,STK048,1.123094630441539
2024-02-23,STK049,-0.04499520764300634
2024-02-23,STK050,-1.9608455984695325
2024-02-23,STK051,0.7059697466988162
2024-02-23,STK052,-1.659887881419688
2024-02-23,STK053,0.3087992768481657
2024-02-23,STK054,-0.8874638247421598
2024-02-23,STK055,-1.1598392857669653
2024-02-23,STK056,-0.4419100170796902
2024-02-23,STK057,-0.18329755642725984
2024-02-23,STK058,-0.6442082503864482
2024-02-23,STK059,0.5887032782151507
2024-02-26,STK000,-0.44606937845883377
2024-02-26,STK001,0.980190871671822
2024-02-26,STK002,0.28117316564347944
2024-02-26,STK003,-0.697557206596308
2024-02-26,STK005,-1.6474962990474387
2024-02-26,STK006,0.2907331778668224
2024-02-26,STK007,-0.3545875472513581
2024-02-26,STK009,-0.5357148727694001
2024-02-26,STK010,-0.901034029254952
2024-02-26,STK011,1.5756775921706603
2024-02-26,STK012,-1.7027786118933097
2024-02-26,STK013,-1.4413507997340538
2024-02-26,STK014,1.1099696431056998
2024-02-26,STK015,1.3567631574639631
2024-02-26,STK016,-0.7449829387256415
2024-02-26,STK017,-0.6320858228089109
2024-02-26,STK018,0.6162353965533128
2024-02-26,STK019,-2.32709979694531
2024-02-26,STK020,-1.8611936845055561
2024-02-26,STK022,1.549890566129126
2024-02-26,STK023,-0.4357300881667396
2024-02-26,STK025,1.133789272564012
2024-02-26,STK026,2.106884733278146
2024-02-26,STK027,-0.5768484731483126
2024-02-26,STK028,-0.016836723733426057
2024-02-26,STK029,1.8220552213428425
2024-02-26,STK030,-1.5221992751914284
2024-02-26,STK031,1.0275810705538218
2024-02-26,STK032,-1.0183155323612583
2024-02-26,STK033,0.10247236710315673
2024-02-26,STK034,-0.24261904740027426
2024-02-26,STK035,-0.9580116007012293
2024-02-26,STK036,-0.9831019276582751
2024-02-26,STK037,0.2764143642537545
2024-02-26,STK038,0.9955393281626821
2024-02-26,STK039,-0.1297362031885032
2024-02-26,STK041,0.5711740662910472
2024-02-26,STK042,-0.9716187730129598
2024-02-26,STK043,0.739692508412923
2024-02-26,STK044,0.819343097059747
2024-02-26,STK047,-0.4580818016681276
2024-02-26,STK048,0.7689658715737455
2024-02-26,STK049,0.8191041689121383
2024-02-26,STK050,-0.535087153376712
2024-02-26,STK051,-0.40316267693004887
2024-02-26,STK053,-0.8275842407346614
2024-02-26,STK054,-0.4105339880150149
2024-02-26,STK055,0.08959276736843465
2024-02-26,STK056,0.9959386848222581
2024-02-26,STK057,-0.6045986161795408
2024-02-26,STK059,-1.916597467518211
2024-02-27,STK000,-1.2594130667061334
2024-02-27,STK001,-1.3131677181999373
2024-02-27,STK002,-0.15461075861990903
2024-02-27,STK003,-1.188880153597605
2024-02-27,STK005,-0.7740858849820498
2024-02-27,STK006,-0.4405078608479934
2024-02-27,STK007,1.3225043315231224
2024-02-27,STK010,-0.4610262805808381
2024-02-27,STK011,-0.4332326566230212
2024-02-27,STK012,0.3277464699519495
2024-02-27,STK013,0.5841690733522902
2024-02-27,STK014,-0.9076175061006004
2024-02-27,STK015,0.03648075561423148
2024-02-27,STK016,-2.031619568663027
2024-02-27,STK017,0.21171378417059702
2024-02-27,STK018,0.762149241958686
2024-02-27,STK019,-0.2800686268808754
2024-02-27,STK020,1.8165269961401054
2024-02-27,STK021,-0.8812384474360504
2024-02-27,STK022,0.21744041530326128
2024-02-27,STK023,-0.035824746665955476
2024-02-27,STK024,-0.10029766744340833
2024-02-27,STK025,-0.11432216800474763
2024-02-27,STK026,0.10710503000947168
2024-02-27,STK027,0.8479587434636998
2024-02-27,STK028,1.3777362362747443
2024-02-27,STK029,-0.0022502445041573905
2024-02-27,STK030,0.8153160721716332
2024-02-27,STK031,-0.7017669462667825
2024-02-27,STK032,0.765955452726233
2024-02-27,STK033,-0.7619915238269903
2024-02-27,STK034,1.0906599360881322
2024-02-27,STK035,2.2106408773932396
2024-02-27,STK036,-0.12208388797139179
2024-02-27,STK037,-2.1925434908074086
2024-02-27,STK038,-0.548072933244823
2024-02-27,STK039,1.2318751342893033
2024-02-27,STK040,0.5530767870252449
2024-02-27,STK041,0.24891359867502955
2024-02-27,STK042,1.008668355954839
2024-02-27,STK043,0.484453439248422
2024-02-27,STK044,1.2177251874511363
2024-02-27,STK045,0.9194236766469855
2024-02-27,STK046,1.5217004527369589
2024-02-27,STK047,0.35879608390625434
2024-02-27,STK048,0.9052594014939547
2024-02-27,STK049,-0.3071270730857854
2024-02-27,STK050,-0.6014608115590059
2024-02-27,STK051,1.7067676404189733
2024-02-27,STK052,0.21620467632268803
2024-02-27,STK053,0.804880565862379
2024-02-27,STK054,0.12374001441139017
2024-02-27,STK056,0.010982892582401323
2024-02-27,STK057,1.4359940177677142
2024-02-27,STK058,0.555240074279424
2024-02-27,STK059,-1.711473159730459
2024-02-28,STK000,-0.2152444565761547
2024-02-28,STK001,1.782293792704712
2024-02-28,STK002,-0.21379686184995605
2024-02-28,STK003,-1.8004786917341806
2024-02-28,STK005,0.6823925098127926
2024-02-28,STK007,-0.37141773608206863
2024-02-28,STK008,1.0823519297917354
2024-02-28,STK009,-0.5419834002261925
2024-02-28,STK010,1.1482564245159883
2024-02-28,STK012,0.24468192548734993
2024-02-28,STK013,0.14551480533559535
2024-02-28,STK014,-0.17496803671417813
2024-02-28,STK015,1.0456401202092658
2024-02-28,STK016,-0.8653428321018342
2024-02-28,STK017,-1.6219251268302093
2024-02-28,STK018,0.6144401228924746
2024-02-28,STK019,0.6312383280671477
2024-02-28,STK020,0.4802411525117667
2024-02-28,STK022,-0.32054037833754784
2024-02-28,STK023,0.7874827043855253
2024-02-28,STK024,-0.04555812675454088
2024-02-28,STK025,-0.4871135608151781
2024-02-28,STK026,-0.3118913122553999
2024-02-28,STK027,2.020639698775832
2024-02-28,STK028,-1.7349760820454327
2024-02-28,STK029,0.49978810429579884
2024-02-28,STK030,-1.6791104276237172
2024-02-28,STK031,-0.10823333832297323
2024-02-28,STK032,-0.4336274851541877
2024-02-28,STK033,-2.085028296679878
2024-02-28,STK034,0.389037590433763
2024-02-28,STK035,-0.3800380621921959
2024-02-28,STK036,-2.099206342561244
2024-02-28,STK037,0.8395680907742521
2024-02-28,STK038,1.435006177988935
2024-02-28,STK039,1.490124342296572
2024-02-28,STK040,0.35895644065147114
2024-02-28,STK041,0.04605813857711549
2024-02-28,STK042,1.328156620895797
2024-02-28,STK045,-0.9415376022298011
2024-02-28,STK046,0.2013448532149219
2024-02-28,STK047,0.4395161442914286
2024-02-28,STK048,-1.8096169689172292
2024-02-28,STK049,0.4693606596207741
2024-02-28,STK050,2.272991825979389
2024-02-28,STK051,0.6399361658007914
2024-02-28,STK052,1.4734130814417563
2024-02-28,STK053,0.18291473012870507
2024-02-28,STK054,-0.07321832398382148
2024-02-28,STK055,0.3812713900809755
2024-02-28,STK056,-0.8158266479844326
2024-02-28,STK057,-0.9637751872343886
2024-02-28,STK058,1.2663045571693656
2024-02-28,STK059,1.3723423428665182
2024-02-29,STK000,-0.9911063155873504
2024-02-29,STK001,0.9679988045538644
2024-02-29,STK002,-0.08695997560602091
2024-02-29,STK003,0.33980857449043056
2024-02-29,STK005,0.9943504681243184
2024-02-29,STK006,0.08271820186318887
2024-02-29,STK007,1.410161995301936
2024-02-29,STK008,0.30941283975992473
2024-02-29,STK009,0.6241842724695326
2024-02-29,STK010,-0.8332625915372465
2024-02-29,STK011,2.158659010704834
2024-02-29,STK012,0.4698249232049664
2024-02-29,STK013,0.7129974253450992
2024-02-29,STK014,-1.6081858112115415
2024-02-29,STK015,-0.822702023079101
2024-02-29,STK016,1.2378836879187305
2024-02-29,STK018,-1.913779734828926
2024-02-29,STK019,1.038289928983819
2024-02-29,STK020,-0.5437828043527234
2024-02-29,STK021,1.411316985876712
2024-02-29,STK023,0.20470668602052994
2024-02-29,STK024,1.1789545785916484
2024-02-29,STK025,-0.8974929708546623
2024-02-29,STK026,-0.9928468078339396
2024-02-29,STK027,-0.19649842039810733
2024-02-29,STK028,0.8271727996212221
2024-02-29,STK029,-1.3308772526134907
2024-02-29,STK030,-1.6680345998890966
2024-02-29,STK033,-0.3922260129202831
2024-02-29,STK034,-1.8568104019401659
2024-02-29,STK035,-0.6789793143519821
2024-02-29,STK036,-0.007567296631150636
2024-02-29,STK037,0.9303778576228922
2024-02-29,STK039,1.6573761202324966
2024-02-29,STK040,-0.6845560241798007
2024-02-29,STK041,-0.6830918015851747
2024-02-29,STK042,1.5373575518978022
2024-02-29,STK043,0.21146015236391716
2024-02-29,STK044,-0.5520247290115766
2024-02-29,STK045,-0.15513313118059344
2024-02-29,STK046,1.3530735775420593
2024-02-29,STK048,-0.816793179270256
2024-02-29,STK049,-0.042433810079108215
2024-02-29,STK050,0.09015682766757308
2024-02-29,STK051,-0.9862401105165975
2024-02-29,STK052,-0.05568505264999431
2024-02-29,STK053,0.005322860451700487
2024-02-29,STK054,1.1402094789367356
2024-02-29,STK055,1.207425028311201
2024-02-29,STK056,-0.32920939835900803
2024-02-29,STK058,0.6642923020556356
2024-02-29,STK059,-0.5851884489270115
2024-03-01,STK000,0.5886401517374027
2024-03-01,STK001,-0.08790648736921473
2024-03-01,STK002,-0.9693985777386207
2024-03-01,STK003,-0.9568367128796466
2024-03-01,STK004,1.447058696031102
2024-03-01,STK005,-0.1564214791432986
2024-03-01,STK006,1.640354093898311
2024-03-01,STK007,-0.5136362607149101
2024-03-01,STK008,0.2912052011314934
2024-03-01,STK010,-1.0573867446632792
2024-03-01,STK011,-1.8978144998997766
2024-03-01,STK012,1.2865901312872332
2024-03-01,STK013,-0.8268091053930736
2024-03-01,STK014,-0.020706364106233777
2024-03-01,STK017,-0.9505362071857422
2024-03-01,STK018,-0.1799400878833061
2024-03-01,STK020,-1.008308886274262
2024-03-01,STK021,-0.7000840296458889
2024-03-01,STK022,-0.3473828335985318
2024-03-01,STK023,-1.4288154342262782
2024-03-01,STK025,0.11879653990290184
2024-03-01,STK026,-0.39954894158842846
2024-03-01,STK027,-0.27137649293172456
2024-03-01,STK028,-0.019901670906585355
2024-03-01,STK029,-0.655743462432314
2024-03-01,STK030,0.6910625658668772
2024-03-01,STK031,1.4359781248017758
2024-03-01,STK032,-0.46438039219544847
2024-03-01,STK033,0.4851982314777071
2024-03-01,STK034,-0.23961715543464693
2024-03-01,STK036,1.5657795312032543
2024-03-01,STK037,0.5086595430180988
2024-03-01,STK038,-1.7734145388096807
2024-03-01,STK039,0.4539956314469589
2024-03-01,STK040,1.2328637433090093
2024-03-01,STK041,-0.2215961699981027
2024-03-01,STK042,0.9956348061178324
2024-03-01,STK043,-0.690115541151946
2024-03-01,STK044,-1.4855391595222738
2024-03-01,STK045,0.14116901883264016
2024-03-01,STK046,-1.7564767207463141
2024-03-01,STK047,-0.23977101289359176
2024-03-01,STK048,1.286842262645503
2024-03-01,STK049,-1.9097629057462808
2024-03-01,STK050,-1.2794967959138979
2024-03-01,STK051,-1.0320322451615775
2024-03-01,STK052,-0.06331985971095996
2024-03-01,STK053,-0.36571678564620924
2024-03-01,STK054,1.3991363816960873
2024-03-01,STK055,0.9543483290916974
2024-03-01,STK056,0.49527294606859795
2024-03-01,STK057,0.14563031434388482
2024-03-01,STK058,0.3932297769848273
2024-03-01,STK059,-0.861982355313375
2024-03-04,STK000,0.8572103535566122
2024-03-04,STK001,-1.112044254359201
2024-03-04,STK003,1.186142502118831
2024-03-04,STK004,0.2108646020880872
2024-03-04,STK005,-0.17621305896197587
2024-03-04,STK006,0.4003099083096733
2024-03-04,STK008,0.30225821848546125
2024-03-04,STK009,-0.11335399783980703
2024-03-04,STK010,-0.05062811305699102
2024-03-04,STK011,0.7065325128978275
2024-03-04,STK012,-0.07476892156472781
2024-03-04,STK013,-1.140206856651158
2024-03-04,STK014,-0.14140267082537805
2024-03-04,STK016,0.11493391158101274
2024-03-04,STK017,0.16191936728506806
2024-03-04,STK018,1.0393690449185533
2024-03-04,STK019,-1.0860345530341475
2024-03-04,STK020,0.17570045616484992
2024-03-04,STK021,1.289929698618241
2024-03-04,STK022,-1.7346114969371953
2024-03-04,STK023,0.17964668078005355
2024-03-04,STK024,-0.5853785019730434
2024-03-04,STK025,-0.37071038447310495
2024-03-04,STK026,-0.904807503214422
2024-03-04,STK027,-0.16955071570044408
2024-03-04,STK028,1.8412556144269043
2024-03-04,STK029,-1.2644303611772136
2024-03-04,STK030,-1.1696100024788274
2024-03-04,STK031,-1.3019345701635046
2024-03-04,STK032,1.727418286628101
2024-03-04,STK033,-0.46233970552128695
2024-03-04,STK034,-0.025639060347674214
2024-03-04,STK035,-0.4027829411062397
2024-03-04,STK036,-0.9444228784030915
2024-03-04,STK037,-0.2351506466144354
2024-03-04,STK038,2.45824360573656
2024-03-04,STK039,1.392070920974255
2024-03-04,STK040,-0.8529378177922723
2024-03-04,STK041,0.6475741030616857
2024-03-04,STK042,-0.8315227726663764
2024-03-04,STK043,-1.7763676388462208
2024-03-04,STK044,1.0195109176646295
2024-03-04,STK045,1.1600928466435507
2024-03-04,STK046,1.0460522510478993
2024-03-04,STK047,-0.46986524921957273
2024-03-04,STK048,-0.16677573400198623
2024-03-04,STK049,0.7497655536581233
2024-03-04,STK050,0.3914960373481072
2024-03-04,STK051,-0.3936374712970443
2024-03-04,STK052,-1.6190718201181646
2024-03-04,STK053,0.11387519414201226
2024-03-04,STK054,1.0790096392361133
2024-03-04,STK056,0.638759381675977
2024-03-04,STK057,0.33154169513369264
2024-03-04,STK058,0.7501482632323336
2024-03-04,STK059,0.8719754997190072
2024-03-05,STK001,-1.616959400164946
2024-03-05,STK002,-0.5335195256828793
2024-03-05,STK003,0.8891273175270074
2024-03-05,STK004,-0.542003903525971
2024-03-05,STK005,-0.6940433238576419
2024-03-05,STK007,1.752647554550939
2024-03-05,STK008,0.8257136414253099
2024-03-05,STK009,0.7698959812747644
2024-03-05,STK010,0.9677253867794737
2024-03-05,STK011,0.5767083615434017
2024-03-05,STK012,-0.24432885517952907
2024-03-05,STK014,-0.4275643645921248
2024-03-05,STK016,0.5559120312994426
2024-03-05,STK017,-0.46380044135143456
2024-03-05,STK018,0.4654967741662798
2024-03-05,STK019,-1.0108689178563175
2024-03-05,STK020,1.504506718589227
2024-03-05,STK021,-0.6610690958071401
2024-03-05,STK022,0.5010854326224657
2024-03-05,STK023,1.0659776297431345
2024-03-05,STK024,0.3847685442049928
2024-03-05,STK025,0.09446999181963821
2024-03-05,STK026,0.010802084856015158
2024-03-05,STK029,-0.44948342976970423
2024-03-05,STK030,1.479590373650935
2024-03-05,STK031,-0.10853663268515668
2024-03-05,STK032,-0.7857962693827731
2024-03-05,STK033,-0.5162975968615086
2024-03-05,STK034,1.100370680697223
2024-03-05,STK036,0.5603291782322569
2024-03-05,STK037,-0.25752119890979147
2024-03-05,STK038,0.5733624701729451
2024-03-05,STK040,-0.25961403134577454
2024-03-05,STK041,0.9698044873917454
2024-03-05,STK042,0.8742776789190644
2024-03-05,STK043,-0.9819098459508032
2024-03-05,STK045,0.10870215281340967
2024-03-05,STK046,1.7261323746695099
2024-03-05,STK047,-1.9155651644689942
2024-03-05,STK048,0.27833293957050426
2024-03-05,STK050,-0.6343309935255456
2024-03-05,STK051,-0.3644284180642414
2024-03-05,STK052,-0.4205083434368909
2024-03-05,STK053,-0.5337959396592085
2024-03-05,STK054,0.007207060376370152
2024-03-05,STK055,-0.5352555666305784
2024-03-05,STK056,-1.4624573848541527
2024-03-05,STK057,0.7798696125227764
2024-03-05,STK058,0.7528721671488805
2024-03-05,STK059,0.843174310022669
2024-03-06,STK000,-1.5407344962640819
2024-03-06,STK002,0.6759788558069234
2024-03-06,STK003,-1.031202068439585
2024-03-06,STK004,0.009173248182129144
2024-03-06,STK006,1.8421506585682637
2024-03-06,STK007,1.924496037012573
2024-03-06,STK008,-1.6643563933302008
2024-03-06,STK009,2.4939270057279894
2024-03-06,STK010,-0.9152257211533239
2024-03-06,STK011,0.9806732943274258
2024-03-06,STK012,0.9704979808637308
2024-03-06,STK013,-0.9956902268418067
2024-03-06,STK014,0.493267793839099
2024-03-06,STK015,-0.10753374426606396
2024-03-06,STK017,0.2306723023806257
2024-03-06,STK018,1.196339485370247
2024-03-06,STK020,-0.16787406942631122
2024-03-06,STK021,1.0960642330571804
2024-03-06,STK022,0.5803959648586033
2024-03-06,STK023,0.7318133943208879
2024-03-06,STK024,-0.6645866722585968
2024-03-06,STK025,-1.045262781398474
2024-03-06,STK026,-0.5677221432527015
2024-03-06,STK027,-0.6208213856805886
2024-03-06,STK028,0.7861992686529143
2024-03-06,STK029,0.9759840502940518
2024-03-06,STK030,-0.15513028953240038
2024-03-06,STK031,1.4309190188243524
2024-03-06,STK032,1.3684693937651298
2024-03-06,STK033,0.24339891640053923
2024-03-06,STK035,1.5753766494355401
2024-03-06,STK036,-0.06101735102840823
2024-03-06,STK037,0.1261651964309746
2024-03-06,STK038,-0.33960502560656863
2024-03-06,STK039,-0.8897903262971976
2024-03-06,STK040,-1.4686394303152919
2024-03-06,STK041,0.6328683235572881
2024-03-06,STK042,-0.7834010538966204
2024-03-06,STK044,-1.086073582612479
2024-03-06,STK045,-1.25738247498137
2024-03-06,STK046,0.5101387156134412
2024-03-06,STK047,1.5293134789672953
2024-03-06,STK048,0.06458965694322165
2024-03-06,STK049,0.5722424201872743
2024-03-06,STK050,-1.8435474174587096
2024-03-06,STK051,-0.6775115456917667
2024-03-06,STK052,-1.073615729137567
2024-03-06,STK053,-1.895045849947881
2024-03-06,STK054,0.11698023402388695
2024-03-06,STK055,-2.2428276216104335
2024-03-06,STK056,-1.3221959660874487
2024-03-06,STK057,-0.537193794013418
2024-03-06,STK058,-0.8312858359510763
2024-03-06,STK059,0.3964085022070677
2024-03-07,STK000,0.30558019190248
2024-03-07,STK001,0.8937987459354568
2024-03-07,STK002,0.7523837327126781
2024-03-07,STK003,1.1408127893613809
2024-03-07,STK004,-0.0019184000090541567
2024-03-07,STK005,0.3034669008166697
2024-03-07,STK007,0.1416566973910257
2024-03-07,STK008,-0.3971943099170739
2024-03-07,STK009,-0.3324425343397702
2024-03-07,STK010,-0.8175583983299655
2024-03-07,STK011,0.4216168299098296
2024-03-07,STK012,-0.09401517408515554
2024-03-07,STK013,-0.6631737506367649
2024-03-07,STK015,-1.2103987277827886
2024-03-07,STK016,0.9788413412371997
2024-03-07,STK017,0.07861766953178756
2024-03-07,STK018,-0.8628000195732701
2024-03-07,STK019,0.8085477496020183
2024-03-07,STK020,-0.560448809794373
2024-03-07,STK021,-1.4065006270122327
2024-03-07,STK022,1.021222289219133
2024-03-07,STK024,-0.4088990902087895
2024-03-07,STK025,0.04118002034917748
2024-03-07,STK026,1.1425892227901149
2024-03-07,STK027,0.020037290866311695
2024-03-07,STK028,-1.1991171261452302
2024-03-07,STK029,0.5438770041121802
2024-03-07,STK031,1.8879239715294662
2024-03-07,STK032,-0.0011197219978901704
2024-03-07,STK033,-2.235035497898666
2024-03-07,STK034,0.357364972155674
2024-03-07,STK035,1.9445977922602284
2024-03-07,STK036,1.5759202885453896
2024-03-07,STK037,1.8309542887565653
2024-03-07,STK038,-1.0197601853814635
2024-03-07,STK039,0.9121523959767788
2024-03-07,STK040,-0.7219945397367117
2024-03-07,STK041,0.2242893994169245
2024-03-07,STK043,-0.6444557648827163
2024-03-07,STK044,-0.6762466973636153
2024-03-07,STK045,0.8985552801426162
2024-03-07,STK046,0.8007191216696554
2024-03-07,STK047,0.2768197293308208
2024-03-07,STK048,-1.3504214180553855
2024-03-07,STK049,-0.31163943394972
2024-03-07,STK050,-0.746116482942726
2024-03-07,STK051,0.869675756694491
2024-03-07,STK052,1.1781848528171845
2024-03-07,STK053,1.056385586030883
2024-03-07,STK054,-0.7552194194170205
2024-03-07,STK055,-2.739533122289479
2024-03-07,STK056,-1.7669618981300543
2024-03-07,STK057,1.4216269780822084
2024-03-07,STK059,-0.7507246182651125
2024-03-08,STK000,1.642660293436234
2024-03-08,STK001,1.2651599454883269
2024-03-08,STK002,0.02444872191978665
2024-03-08,STK003,-0.2934030910639739
2024-03-08,STK004,-0.13210121281312523
2024-03-08,STK005,0.22716279838746606
2024-03-08,STK006,1.600047281319608
2024-03-08,STK007,0.4224674242372267
2024-03-08,STK008,0.7260290330391413
2024-03-08,STK009,1.1692701090701714
2024-03-08,STK010,-1.169676001024419
2024-03-08,STK011,0.7548618924740429
2024-03-08,STK012,-0.29456875466161137
2024-03-08,STK013,-2.516095195772766
2024-03-08,STK014,-2.128169541985812
2024-03-08,STK015,-1.0181176115186856
2024-03-08,STK016,0.5312232285925814
2024-03-08,STK017,0.11379956534029644
2024-03-08,STK019,1.950943482686692
2024-03-08,STK020,-1.2690896148598123
2024-03-08,STK021,-0.027433354183723595
2024-03-08,STK022,0.3044355228138156
2024-03-08,STK023,-0.7362731165383355
2024-03-08,STK024,0.028326745082940964
2024-03-08,STK025,-1.599949334084345
2024-03-08,STK026,1.4099062172750279
2024-03-08,STK027,-0.6816145525304338
2024-03-08,STK029,-0.03247432391745505
2024-03-08,STK030,1.0280535653991831
2024-03-08,STK031,-0.05330286899115438
2024-03-08,STK032,-0.03074383226052982
2024-03-08,STK033,-0.5840293332220078
2024-03-08,STK034,0.11912392936627762
2024-03-08,STK035,0.31799869441404743
2024-03-08,STK036,-0.7842585089151799
2024-03-08,STK037,-0.1250444158598842
2024-03-08,STK039,2.2996640696148387
2024-03-08,STK041,1.5452321516965593
2024-03-08,STK043,0.25928764153490796
2024-03-08,STK044,-1.3213640716452693
2024-03-08,STK045,-0.44707259186786463
2024-03-08,STK046,0.21053467078924676
2024-03-08,STK049,1.3837203611929991
2024-03-08,STK050,0.6407291102029202
2024-03-08,STK051,1.6274013394646858
2024-03-08,STK052,-0.059042217305055426
2024-03-08,STK053,2.390222710651804
2024-03-08,STK054,-0.485396202914123
2024-03-08,STK055,-0.766461834197669
2024-03-08,STK056,-1.2100528496890341
2024-03-08,STK057,2.3310246715580702
2024-03-08,STK058,0.8194475726178976
2024-03-08,STK059,-0.33412073338030845
2024-03-11,STK000,1.249022696873495
2024-03-11,STK001,0.687692185117782
2024-03-11,STK002,1.9661274713755903
2024-03-11,STK003,-1.5478328327399113
2024-03-11,STK004,-0.26536010831425455
2024-03-11,STK006,-1.9736826764086015
2024-03-11,STK007,1.060327204779694
2024-03-11,STK008,-0.2703965558033584
2024-03-11,STK009,0.7396312049865622
2024-03-11,STK010,2.3597719343296117
2024-03-11,STK011,-0.3532436918276083
2024-03-11,STK013,0.11866416972399602
2024-03-11,STK015,-0.5667130253101499
2024-03-11,STK016,-0.6309615971321306
2024-03-11,STK017,1.0571892702413659
2024-03-11,STK018,0.37863932383803556
2024-03-11,STK019,-2.0447282630048207
2024-03-11,STK020,-1.2253917994691081
2024-03-11,STK021,1.5012358638272103
2024-03-11,STK022,0.4019282830788125
2024-03-11,STK023,-0.762195931037249
2024-03-11,STK024,-0.17040965723498214
2024-03-11,STK025,0.013236672801670204
2024-03-11,STK026,0.7357333602801638
2024-03-11,STK027,-1.3582633948587894
2024-03-11,STK029,0.27295575486338886
2024-03-11,STK030,-0.09983458049545033
2024-03-11,STK031,0.5718591826367099
2024-03-11,STK032,-1.2295073973595978
2024-03-11,STK034,1.0915836193774722
2024-03-11,STK035,0.4868185471492834
2024-03-11,STK036,0.13911173976159188
2024-03-11,STK037,-0.09588360256597088
2024-03-11,STK038,-0.8348511527715018
2024-03-11,STK039,-0.07199859243978847
2024-03-11,STK040,1.259705852880406
2024-03-11,STK041,-0.11902850660012523
2024-03-11,STK042,-0.8898039893484101
2024-03-11,STK043,-0.4922470887653863
2024-03-11,STK044,0.20085029727593015
2024-03-11,STK046,0.4853032830631407
2024-03-11,STK047,0.5228437607490304
2024-03-11,STK048,0.8889831804046482
2024-03-11,STK050,0.9958587243723608
2024-03-11,STK051,-0.9342390641479599
2024-03-11,STK052,-0.9035344465762722
2024-03-11,STK053,-0.07577147645982442
2024-03-11,STK054,-0.4511753572394145
2024-03-11,STK055,-1.1383267269609427
2024-03-11,STK056,-0.44169179417299426
2024-03-11,STK057,-0.474512933619039
2024-03-11,STK058,-0.6718477397612058
2024-03-11,STK059,-0.3157894861550056
2024-03-12,STK000,1.178450850318331
2024-03-12,STK001,0.19923804124923924
2024-03-12,STK002,2.4718090760554694
2024-03-12,STK003,0.17050818601964934
2024-03-12,STK004,-0.29006577393725175
2024-03-12,STK005,0.004132882654866092
2024-03-12,STK006,0.25649197844354
2024-03-12,STK007,0.43525395717106363
2024-03-12,STK008,2.0767113258590237
2024-03-12,STK009,-0.8453204649775686
2024-03-12,STK010,0.8590460581777356
2024-03-12,STK011,0.20775059761412384
2024-03-12,STK012,-1.5710977425706176
2024-03-12,STK013,0.7706987820947633
2024-03-12,STK015,-0.8571764037774298
2024-03-12,STK016,-0.008933867891970693
2024-03-12,STK017,-1.7253542620077036
2024-03-12,STK019,1.0480295776172526
2024-03-12,STK020,-0.4664165060074345
2024-03-12,STK021,-1.1088029749380393
2024-03-12,STK022,0.22946036445842968
2024-03-12,STK023,-0.5224124314310232
2024-03-12,STK024,-0.4708216577755361
2024-03-12,STK025,0.7393260256749032
2024-03-12,STK026,-1.1617333589343466
2024-03-12,STK027,-0.9053652126818322
2024-03-12,STK028,0.15407999214886864
2024-03-12,STK029,0.9694097907482053
2024-03-12,STK030,1.2381603014898497
2024-03-12,STK031,-0.665061720361623
2024-03-12,STK032,0.9373769669196479
2024-03-12,STK033,-0.7841422934704089
2024-03-12,STK034,1.8262093469068
2024-03-12,STK035,-1.1337710254197284
2024-03-12,STK036,1.328478810791731
2024-03-12,STK037,-0.6564861068187239
2024-03-12,STK038,2.0132464547946003
2024-03-12,STK039,0.5913207288524843
2024-03-12,STK040,-1.016016529408222
2024-03-12,STK041,-0.5222384795425068
2024-03-12,STK042,0.7811812052237417
2024-03-12,STK043,1.0526444176155614
2024-03-12,STK044,-0.07071559172446261
2024-03-12,STK045,0.044658280963466405
2024-03-12,STK046,0.7583530326440655
2024-03-12,STK048,-1.2935048593383758
2024-03-12,STK049,-0.8129740246401806
2024-03-12,STK050,0.23511994315166507
2024-03-12,STK052,1.6159824241620477
2024-03-12,STK053,0.7795294207714503
2024-03-12,STK054,0.28729076103636375
2024-03-12,STK055,0.748813885982477
2024-03-12,STK056,-0.6667508502068556
2024-03-12,STK057,-0.15323096025821417
2024-03-12,STK058,-0.8241307213394766
2024-03-12,STK059,-1.2487426107077115
2024-03-13,STK000,0.33354901163620493
2024-03-13,STK001,0.1855133065847436
2024-03-13,STK002,0.6876524845090128
2024-03-13,STK003,0.5461118308924472
2024-03-13,STK004,0.24264427132386202
2024-03-13,STK005,0.5566166656775543
2024-03-13,STK006,-0.04268309622747663
2024-03-13,STK007,0.4128913952224006
2024-03-13,STK009,0.3697059256391301
2024-03-13,STK011,-0.6696814280722031
2024-03-13,STK012,0.05183209899284673
2024-03-13,STK013,-0.6236025096293596
2024-03-13,STK014,-0.5265066965161149
2024-03-13,STK015,-1.1249293551021546
2024-03-13,STK017,1.0656851747200478
2024-03-13,STK018,0.5374338542273371
2024-03-13,STK020,-0.18924569656839169
2024-03-13,STK022,-0.22752941536322038
2024-03-13,STK023,0.25519335175601643
2024-03-13,STK024,-0.39777791394020817
2024-03-13,STK025,0.372325560060305
2024-03-13,STK026,0.8356149278862445
2024-03-13,STK027,-0.11391639305308393
2024-03-13,STK028,1.7767198471176207
2024-03-13,STK030,0.2704853861101991
2024-03-13,STK031,-0.9089976945137175
2024-03-13,STK032,0.4184990745503845
2024-03-13,STK033,-0.1340272208093656
2024-03-13,STK035,-0.7764744081483639
2024-03-13,STK036,2.671763379756685
2024-03-13,STK037,-0.2634772501790354
2024-03-13,STK038,-1.4569854207812678
2024-03-13,STK040,-0.051567839476213594
2024-03-13,STK041,0.546667032616485
2024-03-13,STK042,0.5547965217253135
2024-03-13,STK043,0.6766145517765254
2024-03-13,STK044,-0.6448603066373296
2024-03-13,STK045,0.34044044350154545
2024-03-13,STK046,-0.8760594641105784
2024-03-13,STK047,-0.6196429830140117
2024-03-13,STK048,-0.9177089745002595
2024-03-13,STK051,0.6886117009788877
2024-03-13,STK052,0.9766653699781299
2024-03-13,STK053,0.03931306602429631
2024-03-13,STK054,0.7768076988651466
2024-03-13,STK055,-1.761289404642545
2024-03-13,STK056,0.8630875180453551
2024-03-13,STK057,0.1771198300050302
2024-03-13,STK058,0.6271096001491656
2024-03-13,STK059,0.38002329904861315
2024-03-14,STK000,-0.9870551545368866
2024-03-14,STK002,-0.7120541661829632
2024-03-14,STK003,0.5649172812729122
2024-03-14,STK004,0.6900914151753954
2024-03-14,STK005,-1.3679422773818628
2024-03-14,STK006,-0.9810993674682146
2024-03-14,STK007,-0.7232356859408393
2024-03-14,STK008,-0.3573050602668157
2024-03-14,STK009,-1.3620508308526522
2024-03-14,STK010,-1.4220517661401326
2024-03-14,STK011,-0.8218352964075539
2024-03-14,STK012,0.08625383622500567
2024-03-14,STK013,-1.1805943397534906
2024-03-14,STK014,-0.11580350997176611
2024-03-14,STK015,1.0585528161418154
2024-03-14,STK016,-1.30177973741351
2024-03-14,STK017,-0.20644575841053947
2024-03-14,STK018,1.0247567337507726
2024-03-14,STK019,-0.4182683903638093
2024-03-14,STK020,-0.5736696908584189
2024-03-14,STK021,1.1634958143064738
2024-03-14,STK023,1.1044950252055679
2024-03-14,STK025,-0.34284465290983673
2024-03-14,STK027,0.3204495138460378
2024-03-14,STK028,1.020882821002474
2024-03-14,STK029,-0.5483455378650185
2024-03-14,STK030,0.041206066781619685
2024-03-14,STK031,-0.061515679604637406
2024-03-14,STK032,0.7041481416397848
2024-03-14,STK033,-1.0251791944441757
2024-03-14,STK034,1.016977048237856
2024-03-14,STK035,0.4663287721704166
2024-03-14,STK037,1.2082628254805003
2024-03-14,STK039,1.0018339695494078
2024-03-14,STK040,1.4269847672264693
2024-03-14,STK041,0.0853713816025881
2024-03-14,STK042,-1.66150491973851
2024-03-14,STK043,-1.8441204511675249
2024-03-14,STK044,0.25508204386775846
2024-03-14,STK045,-0.59197880772998
2024-03-14,STK046,-0.9145762783273513
2024-03-14,STK048,0.6155852878612882
2024-03-14,STK049,-1.4527575467621472
2024-03-14,STK050,-0.4488776202803848
2024-03-14,STK051,1.5098706831203152
2024-03-14,STK052,-1.0752883802213746
2024-03-14,STK053,0.8697611871649563
2024-03-14,STK054,-0.4847307615489939
2024-03-14,STK055,0.5457937598499527
2024-03-14,STK056,1.0973275072028672
2024-03-14,STK057,0.7412817669850216
2024-03-14,STK058,0.9091596022138765
2024-03-14,STK059,-1.1515935334079561
2024-03-15,STK001,-0.8526931146348199
2024-03-15,STK002,0.2595417655715384
2024-03-15,STK003,0.2582461869972269
2024-03-15,STK004,0.48512255886958094
2024-03-15,STK005,0.33695667606019053
2024-03-15,STK007,-1.3498674122957162
2024-03-15,STK008,0.8723486799617686
2024-03-15,STK009,0.18583457751891555
2024-03-15,STK010,1.1493768409578178
2024-03-15,STK011,-0.04473293418786798
2024-03-15,STK012,-1.4051643606769604
2024-03-15,STK013,0.9661296810041061
2024-03-15,STK015,0.3420034574210212
2024-03-15,STK016,-0.6474594284795192
2024-03-15,STK017,1.6443017102336905
2024-03-15,STK018,-0.8765648241831969
2024-03-15,STK019,-0.33742975410617465
2024-03-15,STK020,0.10744870269731638
2024-03-15,STK021,-1.0921823270869582
2024-03-15,STK023,1.6119104774674902
2024-03-15,STK024,-0.49046216069371046
2024-03-15,STK025,0.3951428190317255
2024-03-15,STK026,-2.7494353860385554
2024-03-15,STK027,-0.03892920048484066
2024-03-15,STK028,-0.31304228592620537
2024-03-15,STK029,-0.8184976024103849
2024-03-15,STK030,1.081450469628532
2024-03-15,STK031,-0.32624368162382816
2024-03-15,STK032,-0.17747748709358746
2024-03-15,STK034,-1.9168158717650765
2024-03-15,STK035,-1.131986440076961
2024-03-15,STK036,0.9610934861202163
2024-03-15,STK037,-2.109950646879972
2024-03-15,STK038,-0.7663153496157056
2024-03-15,STK039,-0.3997200562897638
2024-03-15,STK040,1.7436218672915653
2024-03-15,STK041,0.768603765496369
2024-03-15,STK042,-0.5571705270530996
2024-03-15,STK043,1.304513697115551
2024-03-15,STK044,-0.7405158205011196
2024-03-15,STK045,1.0090998037340055
2024-03-15,STK046,-1.3588772459230156
2024-03-15,STK047,1.0732578317891572
2024-03-15,STK048,-0.4061336454709856
2024-03-15,STK049,-1.0285042409412697
2024-03-15,STK050,-0.21714361307631405
2024-03-15,STK051,0.27734417972021486
2024-03-15,STK053,0.5539535059953238
2024-03-15,STK054,-0.5829938836640675
2024-03-15,STK055,0.6203723939313579
2024-03-15,STK056,0.44222206203659953
2024-03-15,STK057,-0.06092305470793503
2024-03-15,STK058,-0.4413823123659498
2024-03-15,STK059,0.15154079576526616
2024-03-18,STK000,0.5502537430336992
2024-03-18,STK001,2.0617991527316084
2024-03-18,STK002,0.939420421798181
2024-03-18,STK003,0.9759899498158413
2024-03-18,STK004,3.0885121948602836
2024-03-18,STK006,0.4846435113117023
2024-03-18,STK007,0.7040150743216541
2024-03-18,STK008,-1.0089659775882531
2024-03-18,STK009,-0.4439016364187562
2024-03-18,STK011,0.6476139772195617
2024-03-18,STK012,-0.17417456222119868
2024-03-18,STK013,0.1382234254743028
2024-03-18,STK014,1.0874546201484645
2024-03-18,STK015,0.8631507387041388
2024-03-18,STK016,-0.16172100304124704
2024-03-18,STK017,-0.6699950968782225
2024-03-18,STK018,1.1352747316531886
2024-03-18,STK019,0.7738911809098658
2024-03-18,STK020,-1.6062568182953822
2024-03-18,STK021,-0.3131539389082808
2024-03-18,STK022,0.1655154620167624
2024-03-18,STK023,0.7788297171210313
2024-03-18,STK024,0.9101014949397712
2024-03-18,STK025,0.2839060011754735
2024-03-18,STK026,0.585247531358856
2024-03-18,STK028,-0.6738516881805606
2024-03-18,STK029,-0.261264391041254
2024-03-18,STK030,0.018991186640108272
2024-03-18,STK031,-0.034679250018589874
2024-03-18,STK032,-1.8855729044434706
2024-03-18,STK033,-0.3974833349294312
2024-03-18,STK034,0.05620565308915186
2024-03-18,STK035,-0.281369991905701
2024-03-18,STK036,-0.24682379551158573
2024-03-18,STK037,0.4879913708045874
2024-03-18,STK038,-1.0789571870486339
2024-03-18,STK039,-1.6280422139512112
2024-03-18,STK040,-0.3481697908366748
2024-03-18,STK041,0.7641144055017897
2024-03-18,STK043,0.78212823909474
2024-03-18,STK044,-1.4682637598688473
2024-03-18,STK045,-0.23236723937677117
2024-03-18,STK046,0.2566343810815294
2024-03-18,STK047,0.1775911169235922
2024-03-18,STK048,0.539304552942874
2024-03-18,STK050,0.06494308755074261
2024-03-18,STK051,0.420322829776129
2024-03-18,STK052,0.8256709533036595
2024-03-18,STK054,-0.345156867242898
2024-03-18,STK055,-2.7038176800733402
2024-03-18,STK056,-0.6214619675777742
2024-03-18,STK057,-0.524414892971043
2024-03-18,STK058,-1.019584508167443
2024-03-18,STK059,0.1656121502326517
2024-03-19,STK000,-0.05594543204526823
2024-03-19,STK001,-2.2592138775776114
2024-03-19,STK003,-0.9283241307890274
2024-03-19,STK004,0.48568895919051513
2024-03-19,STK005,-1.2818512477286654
2024-03-19,STK007,-0.2831633288865059
2024-03-19,STK008,0.30310188495033036
2024-03-19,STK009,0.12469727765134685
2024-03-19,STK010,-0.25516417502145444
2024-03-19,STK011,-1.5362723140442447
2024-03-19,STK012,-1.4772079634610316
2024-03-19,STK014,-0.00827988392958697
2024-03-19,STK016,0.6252119305794656
2024-03-19,STK017,-0.2792209192116837
2024-03-19,STK018,-0.9650127247795103
2024-03-19,STK019,-0.27809629298790933
2024-03-19,STK020,0.22585983631655238
2024-03-19,STK021,0.3248847188245844
2024-03-19,STK022,1.8783791319931293
2024-03-19,STK023,-0.6689093400034194
2024-03-19,STK024,-0.07347866159040038
2024-03-19,STK025,0.4261239468194264
2024-03-19,STK026,-0.023422959200815323
2024-03-19,STK027,-0.5006181459886532
2024-03-19,STK028,-1.5492571763442435
2024-03-19,STK029,-0.5108345590530156
2024-03-19,STK030,-1.073702412717801
2024-03-19,STK031,-1.7266066811237784
2024-03-19,STK032,-0.7956788416705864
2024-03-19,STK033,-1.0470917207664545
2024-03-19,STK034,0.5837865452929482
2024-03-19,STK035,0.6010918374142937
2024-03-19,STK036,-0.9038792895808748
2024-03-19,STK037,-0.2602286305631211
2024-03-19,STK038,-1.8582426621125354
2024-03-19,STK039,-0.4943399501826941
2024-03-19,STK040,0.3989819007023456
2024-03-19,STK041,0.8249378896141027
2024-03-19,STK042,-0.7130470816913138
2024-03-19,STK043,1.0518548605275198
2024-03-19,STK044,-1.5156919215134717
2024-03-19,STK045,-1.2476277991437925
2024-03-19,STK047,1.6711212285632473
2024-03-19,STK048,0.4934319881836954
2024-03-19,STK049,-0.040342386534012425
2024-03-19,STK050,-2.1951837465222086
2024-03-19,STK051,-2.0224470560434793
2024-03-19,STK052,0.12940953689586895
2024-03-19,STK054,-1.105835182152118
2024-03-19,STK055,0.06553258083005072
2024-03-19,STK056,0.11513136750780958
2024-03-19,STK057,0.9444158685402726
2024-03-19,STK058,0.13660228301270078
2024-03-20,STK000,0.007994029548813363
2024-03-20,STK001,-0.11533499480733611
2024-03-20,STK002,1.0643121862471823
2024-03-20,STK003,-0.9784408800414345
2024-03-20,STK004,2.8144474532661614
2024-03-20,STK005,0.3752574781667358
2024-03-20,STK006,0.3808292528376731
2024-03-20,STK007,0.5250959739725976
2024-03-20,STK008,1.8771364753316424
2024-03-20,STK009,0.7925074116726066
2024-03-20,STK010,-1.6050559790039236
2024-03-20,STK011,1.4034703847675043
2024-03-20,STK012,-0.3408965794450173
2024-03-20,STK013,0.10715507283932346
2024-03-20,STK014,-1.2792539721752665
2024-03-20,STK015,0.5262020181238957
2024-03-20,STK016,-0.6513742900675522
2024-03-20,STK017,0.10016963799347375
2024-03-20,STK018,-0.284099005360783
2024-03-20,STK019,1.9250128017358519
2024-03-20,STK020,1.9822603001455896
2024-03-20,STK021,0.046513170214741384
2024-03-20,STK022,0.06397771136885474
2024-03-20,STK023,-0.37344296634951507
2024-03-20,STK024,1.1060062915027862
2024-03-20,STK025,-0.32891987033337716
2024-03-20,STK026,-0.4213372746456993
2024-03-20,STK027,0.9785928636649645
2024-03-20,STK028,-0.5382990953166494
2024-03-20,STK029,-0.03775503444853058
2024-03-20,STK031,0.7041903451231669
2024-03-20,STK032,1.9408669391818687
2024-03-20,STK033,0.7212253727997919
2024-03-20,STK034,1.461799167547305
2024-03-20,STK035,-0.8461021361773309
2024-03-20,STK036,0.2363242820282007
2024-03-20,STK037,-0.9431599243693896
2024-03-20,STK038,-0.22776554558134285
2024-03-20,STK039,0.7722114773525048
2024-03-20,STK040,0.10182061310329862
2024-03-20,STK041,-1.4126410226012216
2024-03-20,STK043,-1.3811639314907738
2024-03-20,STK044,0.4914525899395903
2024-03-20,STK045,2.0638945356566682
2024-03-20,STK046,1.3624582440002129
2024-03-20,STK047,-1.8959851991460643
2024-03-20,STK048,1.421075938069784
2024-03-20,STK049,0.9364004170146472
2024-03-20,STK050,-1.5452999455287577
2024-03-20,STK051,-0.3032016167104975
2024-03-20,STK052,1.0955224114958095
2024-03-20,STK053,0.5504335109347853
2024-03-20,STK054,-1.3090950523879856
2024-03-20,STK055,0.6107421557961942
2024-03-20,STK058,1.1379567694000488
2024-03-20,STK059,0.018394215571319834
2024-03-21,STK001,0.8893462537723492
2024-03-21,STK002,0.9747518150865815
2024-03-21,STK003,1.3100396928669502
2024-03-21,STK004,0.8743424284463873
2024-03-21,STK005,1.0813747939371465
2024-03-21,STK006,0.7329085574375346
2024-03-21,STK007,0.26552864911647195
2024-03-21,STK008,0.08950899976381409
2024-03-21,STK009,-0.237259719097402
2024-03-21,STK010,-1.2123682930597257
2024-03-21,STK011,-0.9553115088198088
2024-03-21,STK012,-0.28201448193520967
2024-03-21,STK013,0.2414521596024293
2024-03-21,STK014,1.4408125980042632
2024-03-21,STK015,-0.04179722787551253
2024-03-21,STK016,1.003476290877664
2024-03-21,STK017,1.0793156564321207
2024-03-21,STK018,-0.231446797688791
2024-03-21,STK019,0.5946902113701839
2024-03-21,STK020,-0.2435280417248615
2024-03-21,STK021,1.3221358940784769
2024-03-21,STK022,0.6358433382659322
2024-03-21,STK023,-1.1904837546883553
2024-03-21,STK024,0.16152465215384673
2024-03-21,STK025,1.6481121618238797
2024-03-21,STK027,0.44771503009506813
2024-03-21,STK028,0.5458788377391453
2024-03-21,STK029,-1.0366228991646005
2024-03-21,STK030,0.5107079492135139
2024-03-21,STK031,-1.3938351520346257
2024-03-21,STK032,-0.6256241064013961
2024-03-21,STK033,1.075722967494192
2024-03-21,STK034,0.356756290308358
2024-03-21,STK035,-0.304477807746527
2024-03-21,STK036,0.44646102124518744
2024-03-21,STK037,-0.060092247755131445
2024-03-21,STK038,0.012578502351833248
2024-03-21,STK039,0.6568185267201376
2024-03-21,STK040,-0.7273677406591319
2024-03-21,STK041,0.040336405554690695
2024-03-21,STK042,-0.3122681946066529
2024-03-21,STK043,-1.5856033746002556
2024-03-21,STK044,-0.9204557562492998
2024-03-21,STK045,1.5682064470638322
2024-03-21,STK047,-1.3235883014013892
2024-03-21,STK048,-1.5403543758484106
2024-03-21,STK050,1.5611865331764823
2024-03-21,STK051,-0.18675813480435263
2024-03-21,STK052,1.306999553404016
2024-03-21,STK054,0.47125045784589364
2024-03-21,STK055,-1.3357205093045694
2024-03-21,STK056,0.9375229217497576
2024-03-21,STK057,-0.3349320372736072
2024-03-21,STK058,0.8630924536109083
2024-03-21,STK059,-0.814169981986113
2024-03-22,STK000,0.1770493475099125
2024-03-22,STK003,0.4045451930861567
2024-03-22,STK004,-0.26639707519250877
2024-03-22,STK005,-0.6490597530412794
2024-03-22,STK006,1.6054833827939645
2024-03-22,STK007,1.0489528663614422
2024-03-22,STK008,-0.7608647450481768
2024-03-22,STK009,0.5684443055946129
2024-03-22,STK010,-0.742678854701153
2024-03-22,STK011,-1.1846846436623242
2024-03-22,STK013,-1.7040996256474057
2024-03-22,STK015,-0.2527223125730585
2024-03-22,STK016,-0.21154660308052864
2024-03-22,STK017,0.4097512196232897
2024-03-22,STK019,-0.8263431768289082
2024-03-22,STK020,0.7177256087500634
2024-03-22,STK021,0.1133705380252234
2024-03-22,STK022,-1.2560547928680381
2024-03-22,STK023,-0.1698744835797392
2024-03-22,STK024,1.3812790155589258
2024-03-22,STK025,1.6765947982456966
2024-03-22,STK026,0.7173484576086773
2024-03-22,STK027,-1.19034348816837
2024-03-22,STK028,0.4906069024558882
2024-03-22,STK029,0.8508609038591928
2024-03-22,STK031,0.7849542886879182
2024-03-22,STK032,0.3632630792475308
2024-03-22,STK034,-0.6083674959040184
2024-03-22,STK035,-1.8979355185014963
2024-03-22,STK036,0.33964176671335083
2024-03-22,STK037,0.18605284365218855
2024-03-22,STK038,0.5575758428248162
2024-03-22,STK039,-1.3375436932928941
2024-03-22,STK040,0.6450166893150603
2024-03-22,STK041,2.054545094620777
2024-03-22,STK042,0.07845013077791134
2024-03-22,STK043,-0.06166531920654083
2024-03-22,STK044,0.309002356085701
2024-03-22,STK045,2.032337024710338
2024-03-22,STK047,0.20320693339390494
2024-03-22,STK048,-0.7996574222976441
2024-03-22,STK049,-0.547004720844995
2024-03-22,STK050,-0.04959030788193934
2024-03-22,STK051,1.3473232416135588
2024-03-22,STK052,1.8009906006887368
2024-03-22,STK053,0.4481421446267063
2024-03-22,STK054,-0.3765947230234853
2024-03-22,STK055,2.4927388666385184
2024-03-22,STK056,-0.4275544813295202
2024-03-22,STK057,-0.5711359143597373
2024-03-22,STK058,-1.7749430445787269
2024-03-22,STK059,1.3960915692447435
2024-03-25,STK000,0.968245592371294
2024-03-25,STK001,2.417805536116446
2024-03-25,STK002,-1.3895233522181258
2024-03-25,STK004,0.07013551836612739
2024-03-25,STK005,0.8061002168001363
2024-03-25,STK006,-1.647777141104471
2024-03-25,STK007,1.4680818226652972
2024-03-25,STK008,0.7865167513318304
2024-03-25,STK009,-0.038910034786217525
2024-03-25,STK010,0.6451126876611214
2024-03-25,STK011,-0.7654953010422492
2024-03-25,STK012,-0.5794400855816993
2024-03-25,STK015,0.8617584942033671
2024-03-25,STK016,1.1915936141825663
2024-03-25,STK017,-0.7013441497638416
2024-03-25,STK018,0.3482030159448188
2024-03-25,STK019,-0.2655404746292363
2024-03-25,STK020,0.3282739620810305
2024-03-25,STK021,-0.6275772412110292
2024-03-25,STK022,-0.8834251560876358
2024-03-25,STK023,1.0520748860237426
2024-03-25,STK024,-0.06387058512449259
2024-03-25,STK025,2.0221089508534758
2024-03-25,STK027,-0.9260780403504922
2024-03-25,STK029,0.6308001641460198
2024-03-25,STK030,0.7268728636964236
2024-03-25,STK031,1.1906006788679186
2024-03-25,STK032,-0.6527962938457945
2024-03-25,STK033,-0.12725330898528756
2024-03-25,STK034,-0.17144983148779322
2024-03-25,STK036,-0.2635901501582435
2024-03-25,STK037,1.3363794578768242
2024-03-25,STK038,0.237338103793847
2024-03-25,STK039,-1.3460613278449878
2024-03-25,STK040,-1.555839411664935
2024-03-25,STK041,1.6647760587482714
2024-03-25,STK042,-0.09031901025512999
2024-03-25,STK043,-0.6474102057016173
2024-03-25,STK044,-0.2739917648970031
2024-03-25,STK045,-1.477307754317332
2024-03-25,STK046,1.4230951495116198
2024-03-25,STK048,1.367401527738422
2024-03-25,STK049,0.05165171444731515
2024-03-25,STK050,1.4295319745684398
2024-03-25,STK051,0.2566944990430854
2024-03-25,STK052,0.853232662869076
2024-03-25,STK053,0.7190930460883368
2024-03-25,STK054,0.6232910662519707
2024-03-25,STK055,0.3479344771827106
2024-03-25,STK056,-0.2328507161155849
2024-03-25,STK057,1.9154346915728602
2024-03-25,STK058,-0.9069369850959007
2024-03-25,STK059,0.004307642343159692
2024-03-26,STK000,0.01488587520759545
2024-03-26,STK002,-0.4294726458945011
2024-03-26,STK003,0.31474630558958777
2024-03-26,STK004,-0.16884258520296613
2024-03-26,STK005,-1.5819525174378992
2024-03-26,STK006,0.009552286256846456
2024-03-26,STK007,-1.1005653330301517
2024-03-26,STK008,-1.734385762448901
2024-03-26,STK009,0.13687332068938496
2024-03-26,STK010,0.48788334201956646
2024-03-26,STK011,0.5266980421045764
2024-03-26,STK012,0.5671707070196942
2024-03-26,STK013,-1.9325890209406105
2024-03-26,STK014,-1.3610169279074695
2024-03-26,STK015,1.9735214368136709
2024-03-26,STK016,-1.0472087600770361
2024-03-26,STK017,0.6108410311366891
2024-03-26,STK019,0.07967273926756446
2024-03-26,STK021,0.5615411546196448
2024-03-26,STK022,0.13677411731669906
2024-03-26,STK023,-0.4482897736442336
2024-03-26,STK024,-1.0501721196807103
2024-03-26,STK025,0.2677741974925111
2024-03-26,STK026,-1.21271879904259
2024-03-26,STK028,2.6264849090369
2024-03-26,STK029,1.350170051262012
2024-03-26,STK030,0.7183478868941628
2024-03-26,STK031,-0.08560729774114767
2024-03-26,STK032,-1.9387526270035254
2024-03-26,STK033,-1.3222863959001843
2024-03-26,STK034,1.2827928561027135
2024-03-26,STK035,-0.7897560801247798
2024-03-26,STK036,-0.6992520981640467
2024-03-26,STK037,-0.16565047568402144
2024-03-26,STK038,-1.0620462588465547
2024-03-26,STK039,-1.2267687345516363
2024-03-26,STK040,-0.050474072781421825
2024-03-26,STK041,-0.8915294546720363
2024-03-26,STK042,-0.7410185797788948
2024-03-26,STK043,-0.781191026147006
2024-03-26,STK044,0.5223602138344686
2024-03-26,STK045,-0.23212569049535728
2024-03-26,STK046,-0.17857196789385368
2024-03-26,STK047,0.5969458973088833
2024-03-26,STK048,-0.14203960823294015
2024-03-26,STK049,-0.27825376845717287
2024-03-26,STK050,0.47045035557017084
2024-03-26,STK051,0.668197843557631
2024-03-26,STK052,-0.14707349950860418
2024-03-26,STK054,-0.781790229733328
2024-03-26,STK055,-0.8606830431645255
2024-03-26,STK056,0.7691475019668077
2024-03-26,STK057,0.4449420625446217
2024-03-26,STK058,0.4552984384165761
2024-03-26,STK059,0.28085434872552223
2024-03-27,STK000,0.04620327581495357
2024-03-27,STK001,0.6964118908227692
2024-03-27,STK002,0.9351087610227838
2024-03-27,STK004,-0.10077791594598683
2024-03-27,STK005,1.386992729908838
2024-03-27,STK006,0.22846068173232117
2024-03-27,STK007,0.6323761925657985
2024-03-27,STK008,0.28208789083487973
2024-03-27,STK009,0.2470067074841741
2024-03-27,STK010,-0.7357519902503197
2024-03-27,STK011,0.701350838344826
2024-03-27,STK012,2.845294394907639
2024-03-27,STK013,-0.3747950747900833
2024-03-27,STK014,0.07099471542494816
2024-03-27,STK015,-0.4462052643472624
2024-03-27,STK016,-0.48801990156193453
2024-03-27,STK017,1.5444494781186728
2024-03-27,STK018,-0.6729710177274647
2024-03-27,STK019,-0.4740804733663613
2024-03-27,STK022,-1.7083998929533477
2024-03-27,STK023,0.6318046992119288
2024-03-27,STK024,2.7996972218373095
2024-03-27,STK025,-0.36667879365052214
2024-03-27,STK026,-1.6667579329902373
2024-03-27,STK027,0.8999996644297332
2024-03-27,STK029,1.2993469305535403
2024-03-27,STK030,-0.2820290477899447
2024-03-27,STK031,-0.6318156890827807
2024-03-27,STK032,-0.17795755574568647
2024-03-27,STK034,-0.22742063075565644
2024-03-27,STK035,-0.49672470279370545
2024-03-27,STK036,-0.1988316029788718
2024-03-27,STK038,0.39703160229398016
2024-03-27,STK039,-1.7867265938449102
2024-03-27,STK040,-0.44412145436551537
2024-03-27,STK041,0.7593852088307432
2024-03-27,STK042,0.3030482829327168
2024-03-27,STK043,0.5903205729863903
2024-03-27,STK046,0.924699196769792
2024-03-27,STK047,0.44614100424767456
2024-03-27,STK048,0.927545777313543
2024-03-27,STK049,0.7504235544035768
2024-03-27,STK050,-0.43946351334689027
2024-03-27,STK051,-1.3438989116913336
2024-03-27,STK052,0.42036212584262383
2024-03-27,STK053,0.5460892308314287
2024-03-27,STK054,1.0904719911385654
2024-03-27,STK055,-0.9363212750452935
2024-03-27,STK056,-0.9064310592771633
2024-03-27,STK057,0.45990026630777037
2024-03-27,STK058,-0.07116698885308664
2024-03-27,STK059,-1.8857616105711281
2024-03-28,STK000,0.37510816375419076
2024-03-28,STK001,-1.8524229149889546
2024-03-28,STK002,-0.9452565518733762
2024-03-28,STK003,1.3516813728601071
2024-03-28,STK004,1.8248790178071153
2024-03-28,STK005,-1.2156563684719617
2024-03-28,STK007,0.04262252307870598
2024-03-28,STK008,1.781226927581568
2024-03-28,STK009,-0.49286894782440155
2024-03-28,STK010,-0.4768840230332781
2024-03-28,STK011,1.5487255584628619
2024-03-28,STK012,-0.374789152718258
2024-03-28,STK013,0.7222017089664575
2024-03-28,STK014,-1.4771429651124275
2024-03-28,STK015,-0.17123274409232622
2024-03-28,STK016,-1.6595968383264046
2024-03-28,STK017,-1.0554337809557044
2024-03-28,STK018,0.8392013551522634
2024-03-28,STK019,-0.04990539108671263
2024-03-28,STK020,-0.31910574055297464
2024-03-28,STK021,-0.7487496239809176
2024-03-28,STK022,-0.22065607324128275
2024-03-28,STK023,0.30111316710069364
2024-03-28,STK024,0.9829162064617618
2024-03-28,STK026,-0.8317611742628097
2024-03-28,STK027,0.15909624218900573
2024-03-28,STK028,-0.09886311596228586
2024-03-28,STK029,0.403376242526725
2024-03-28,STK030,0.26754028612655384
2024-03-28,STK031,-0.30486786299340723
2024-03-28,STK032,-0.5268531959871771
2024-03-28,STK033,-0.2455014897355009
2024-03-28,STK034,1.1487423498227427
2024-03-28,STK035,-0.7320079329057144
2024-03-28,STK036,-0.06280672314395548
2024-03-28,STK039,-0.30030825823631324
2024-03-28,STK040,0.9588066560109609
2024-03-28,STK041,1.2319794032650222
2024-03-28,STK043,-0.2107189790767625
2024-03-28,STK044,-0.3290536720482161
2024-03-28,STK045,-0.25582313424258235
2024-03-28,STK046,0.8542398605768328
2024-03-28,STK047,0.2310099772555139
2024-03-28,STK048,0.2352897091698694
2024-03-28,STK049,-1.125223510379835
2024-03-28,STK050,-0.9674900773752345
2024-03-28,STK051,2.14344682477698
2024-03-28,STK052,-0.1778257252886896
2024-03-28,STK054,1.4310991655892973
2024-03-28,STK055,0.2818085486835521
2024-03-28,STK056,0.5781549168645216
2024-03-28,STK057,-0.1380470752815336
2024-03-28,STK058,-0.31867309057680415
2024-03-28,STK059,-0.16958637249729036
2024-03-29,STK000,-1.3827381702986268
2024-03-29,STK001,-0.08792740941989748
2024-03-29,STK002,0.29603307704261733
2024-03-29,STK003,1.8504632338437539
2024-03-29,STK004,0.0859990650052155
2024-03-29,STK005,-2.334177042210305
2024-03-29,STK006,-0.09398543278462142
2024-03-29,STK007,2.739504133108306
2024-03-29,STK008,0.8663662349850397
2024-03-29,STK009,-0.8108889438085887
2024-03-29,STK011,-0.7420134248897403
2024-03-29,STK012,-1.3538075195468575
2024-03-29,STK013,-0.3483693632340722
2024-03-29,STK015,-1.8721555024333958
2024-03-29,STK016,-1.1491592905386359
2024-03-29,STK017,0.010335563182354726
2024-03-29,STK018,-0.40817317598895414
2024-03-29,STK019,0.39481127114609077
2024-03-29,STK020,-1.2146683273085614
2024-03-29,STK021,0.7141137485533007
2024-03-29,STK022,-1.183759097060195
2024-03-29,STK023,1.64273430193763
2024-03-29,STK025,-1.0925542703834126
2024-03-29,STK026,0.4173708030318292
2024-03-29,STK027,1.6642332514976381
2024-03-29,STK028,0.31504303611617074
2024-03-29,STK029,0.5628579201823911
2024-03-29,STK030,0.01753690167305848
2024-03-29,STK032,-0.4901383482393793
2024-03-29,STK033,-1.2119097199812767
2024-03-29,STK034,-1.2787099677768716
2024-03-29,STK036,-1.1231779820879617
2024-03-29,STK037,0.3195540067233614
2024-03-29,STK038,-1.3018227522210977
2024-03-29,STK039,0.29638302011675466
2024-03-29,STK040,-0.4886825689629625
2024-03-29,STK042,0.32371889557906497
2024-03-29,STK043,1.2357828929941415
2024-03-29,STK044,-0.7556467164251925
2024-03-29,STK045,0.056143340244167284
2024-03-29,STK046,-0.9810871581162783
2024-03-29,STK047,-0.4136052427444181
2024-03-29,STK048,-0.2621042227446291
2024-03-29,STK049,-0.7258582206871392
2024-03-29,STK050,-1.215502858845695
2024-03-29,STK051,-1.4135173236526528
2024-03-29,STK052,-2.339748115707397
2024-03-29,STK053,-1.0563464635034578
2024-03-29,STK054,0.6274938966718445
2024-03-29,STK055,-1.598498532013283
2024-03-29,STK056,-1.368122846253305
2024-03-29,STK057,1.790898571232915
2024-03-29,STK059,0.3210460091648358
2024-04-01,STK000,0.6423171465004947
2024-04-01,STK001,0.6625261297812802
2024-04-01,STK002,-1.5223142306080597
2024-04-01,STK003,-0.23105967989949022
2024-04-01,STK004,-1.6182272695183921
2024-04-01,STK005,2.4463178589103234
2024-04-01,STK006,-1.5948752640156
2024-04-01,STK007,-1.0478402188698202
2024-04-01,STK008,-1.0406008548415047
2024-04-01,STK009,-1.4966604767228804
2024-04-01,STK010,1.3525939097565454
2024-04-01,STK011,2.422447901083496
2024-04-01,STK012,-0.4757491193126174
2024-04-01,STK013,-1.32042314684441
2024-04-01,STK014,-2.236925498726021
2024-04-01,STK015,-0.24410871852210148
2024-04-01,STK016,-0.31636542316144384
2024-04-01,STK017,-0.6512961263601446
2024-04-01,STK018,0.2213752539762284
2024-04-01,STK019,0.3951731428154863
2024-04-01,STK020,0.32308325793790066
2024-04-01,STK021,-0.3161248719684872
2024-04-01,STK022,-1.101621829574262
2024-04-01,STK023,0.6658330978067158
2024-04-01,STK024,0.012513759421530454
2024-04-01,STK025,0.8883575248346502
2024-04-01,STK026,0.7900755494722314
2024-04-01,STK027,-1.4217620690471156
2024-04-01,STK028,-1.4342222074576032
2024-04-01,STK029,-0.7555407187405284
2024-04-01,STK030,-1.056265408290668
2024-04-01,STK032,0.35130967598791774
2024-04-01,STK033,1.0991839937853107
2024-04-01,STK035,0.20864958187336902
2024-04-01,STK037,0.4697273397350485
2024-04-01,STK038,0.0681009634377188
2024-04-01,STK040,0.11518088315279006
2024-04-01,STK041,-0.30434060491792164
2024-04-01,STK042,-0.8378232587776496
2024-04-01,STK043,0.7030254590454112
2024-04-01,STK044,1.2370505418424689
2024-04-01,STK046,1.3079156237798386
2024-04-01,STK048,-0.0554533748079148
2024-04-01,STK049,-0.04009491210443619
2024-04-01,STK050,-0.726994372407347
2024-04-01,STK051,2.383861037981873
2024-04-01,STK052,-0.06619263268876116
2024-04-01,STK053,-0.4077307716044333
2024-04-01,STK054,0.02596211343350502
2024-04-01,STK055,-2.0028137385258296
2024-04-01,STK056,-0.7598679253449151
2024-04-01,STK057,0.9832399694454041
2024-04-01,STK058,-0.6289453549327747
2024-04-01,STK059,-0.8288751628002715
2024-04-02,STK000,1.3095256365144003
2024-04-02,STK001,1.340254400951829
2024-04-02,STK002,0.5169904721611418
2024-04-02,STK003,-0.4551173340386673
2024-04-02,STK004,-0.23947106511632352
2024-04-02,STK005,-0.804149961574959
2024-04-02,STK007,-1.0444164883084324
2024-04-02,STK008,-0.6180544067852075
2024-04-02,STK009,-1.034720990684745
2024-04-02,STK010,-1.563705118543149
2024-04-02,STK011,0.21940266975390574
2024-04-02,STK012,0.23459558089343707
2024-04-02,STK013,1.7007927584283167
2024-04-02,STK014,-0.6683383683547026
2024-04-02,STK015,0.29610058962327057
2024-04-02,STK016,0.31271257927480167
2024-04-02,STK017,-0.2538375611255331
2024-04-02,STK019,0.7752291868507144
2024-04-02,STK020,0.32741109519753997
2024-04-02,STK021,-0.25563970504779554
2024-04-02,STK022,-0.35753010855453504
2024-04-02,STK024,-0.8059177786176916
2024-04-02,STK026,-1.123971762429434
2024-04-02,STK027,0.43992396668766426
2024-04-02,STK028,1.19662786898701
2024-04-02,STK029,-0.9080624323291501
2024-04-02,STK030,0.28344143574463715
2024-04-02,STK031,-1.0341111395297102
2024-04-02,STK033,-0.6903295791777758
2024-04-02,STK034,0.6018956486064415
2024-04-02,STK035,-0.6787881738421783
2024-04-02,STK036,1.0116604137066467
2024-04-02,STK038,-0.6496037095948308
2024-04-02,STK039,-1.253305262345163
2024-04-02,STK041,0.8952184022261802
2024-04-02,STK042,0.2733212565368742
2024-04-02,STK043,2.238831666414424
2024-04-02,STK044,1.4297874524704182
2024-04-02,STK045,-0.3075277647170156
2024-04-02,STK046,-0.31802743380706927
2024-04-02,STK047,0.4696967194853532
2024-04-02,STK048,-0.8380191804256851
2024-04-02,STK050,0.3616005218435837
2024-04-02,STK051,0.2564589108585328
2024-04-02,STK052,0.6869536677708163
2024-04-02,STK053,1.722829883369059
2024-04-02,STK054,0.17095535218750518
2024-04-02,STK055,-0.11304037087138435
2024-04-02,STK056,1.5087196233225784
2024-04-02,STK057,0.9675504159911353
2024-04-02,STK058,-0.3209798403837223
2024-04-02,STK059,0.005186448659020086
2024-04-03,STK000,0.19538091593879858
2024-04-03,STK001,0.36181294460498287
2024-04-03,STK002,-1.356599850939114
2024-04-03,STK003,-1.5424846078015602
2024-04-03,STK004,-0.8873900220024538
2024-04-03,STK005,-0.9647384430113423
2024-04-03,STK006,-0.6438240139725026
2024-04-03,STK007,0.6347106420900043
2024-04-03,STK008,-0.16892915632473834
2024-04-03,STK009,0.19639460501018827
2024-04-03,STK010,-1.2243034100422616
2024-04-03,STK011,-0.46164220292094515
2024-04-03,STK012,0.5872576617448404
2024-04-03,STK013,0.5949524581768018
2024-04-03,STK015,0.1616623863795536
2024-04-03,STK016,2.198847853482332
2024-04-03,STK017,-0.017597929255638137
2024-04-03,STK018,-0.6931869461424454
2024-04-03,STK019,-0.17376238936216024
2024-04-03,STK020,0.09217710752683304
2024-04-03,STK021,-0.1511683806905494
2024-04-03,STK022,-0.03135470067650179
2024-04-03,STK023,-1.4434467969368396
2024-04-03,STK024,-0.9626304750859512
2024-04-03,STK025,-0.14933523707149754
2024-04-03,STK026,-0.1652679700224367
2024-04-03,STK027,-0.5661892748600006
2024-04-03,STK028,-0.17701358607643694
2024-04-03,STK030,0.8894134565245253
2024-04-03,STK031,-0.09921173522605088
2024-04-03,STK032,0.3991032052982532
2024-04-03,STK033,-0.541600301433921
2024-04-03,STK034,0.5720957235984819
2024-04-03,STK035,0.3757302976123567
2024-04-03,STK036,0.8658170031798195
2024-04-03,STK037,0.7134604624444878
2024-04-03,STK038,0.5887356228811461
2024-04-03,STK039,-0.09841740865778026
2024-04-03,STK040,0.24493922704446816
2024-04-03,STK041,1.0635089284515264
2024-04-03,STK042,-0.6520745694027944
2024-04-03,STK043,-0.6284077786968656
2024-04-03,STK044,0.18143139795036198
2024-04-03,STK045,0.41527969026545347
2024-04-03,STK047,-0.07476256341330836
2024-04-03,STK048,-0.09399877422878479
2024-04-03,STK050,-0.21959398925875973
2024-04-03,STK051,-0.1573178328484663
2024-04-03,STK052,-0.16029294282301915
2024-04-03,STK053,1.4159142745772682
2024-04-03,STK054,-1.2157982985088753
2024-04-03,STK055,-0.8246225712046127
2024-04-03,STK056,-2.612195798319334
2024-04-03,STK057,-0.4809166661741407
2024-04-03,STK058,-0.39564355412600094
2024-04-03,STK059,-0.5099771763342562
2024-04-04,STK000,1.10767733948376
2024-04-04,STK001,0.8606175223369632
2024-04-04,STK002,0.07785672426730414
2024-04-04,STK003,-0.37061305353986224
2024-04-04,STK004,1.0261896681068639
2024-04-04,STK005,-0.01975785983585163
2024-04-04,STK008,-0.44131449389568267
2024-04-04,STK009,0.7546436171726086
2024-04-04,STK010,2.2765386895430897
2024-04-04,STK011,0.06161034618947592
2024-04-04,STK012,-0.7653555151203043
2024-04-04,STK013,-1.184965208284214
2024-04-04,STK014,0.5519548963055988
2024-04-04,STK015,-1.7646160523842684
2024-04-04,STK016,0.5503451014048882
2024-04-04,STK017,0.8177116062629123
2024-04-04,STK018,0.43627945323286405
2024-04-04,STK020,0.5649406535468146
2024-04-04,STK021,0.17093837112829996
2024-04-04,STK022,-0.7781238418605918
2024-04-04,STK023,1.8504123223750257
2024-04-04,STK024,-0.3516793796105163
2024-04-04,STK025,0.7757523004499094
2024-04-04,STK026,-2.4186142826957147
2024-04-04,STK027,1.276470882780929
2024-04-04,STK028,1.4687637446545818
2024-04-04,STK029,0.029833787126638218
2024-04-04,STK030,0.5587710347377585
2024-04-04,STK031,0.5585151816075627
2024-04-04,STK032,-0.6427835696407243
2024-04-04,STK033,0.5471223054393403
2024-04-04,STK034,-0.8086304698725554
2024-04-04,STK036,1.1269431432122987
2024-04-04,STK037,0.9746576907002027
2024-04-04,STK038,-0.7063755021157926
2024-04-04,STK039,-0.7335763435010406
2024-04-04,STK040,-0.6455966024576721
2024-04-04,STK041,0.7326395664654908
2024-04-04,STK042,-0.9999847808103971
2024-04-04,STK043,0.3567126390359526
2024-04-04,STK044,0.7468468106342946
2024-04-04,STK045,-0.08824545029310012
2024-04-04,STK046,1.0100636968649277
2024-04-04,STK047,-0.30431016948979245
2024-04-04,STK048,-0.2138556009939144
2024-04-04,STK049,-0.9772462311318565
2024-04-04,STK050,1.0171773476202053
2024-04-04,STK051,-0.7665204469788703
2024-04-04,STK052,0.3497718177150592
2024-04-04,STK053,-0.07131606712593476
2024-04-04,STK054,-1.0527830631116626
2024-04-04,STK055,-0.6091031438233208
2024-04-04,STK056,1.382872239040734
2024-04-04,STK057,0.20165754263448052
2024-04-04,STK058,-1.009150341366842
2024-04-04,STK059,0.30532828734869183
2024-04-05,STK000,-0.1461140315945451
2024-04-05,STK002,0.2851238413422724
2024-04-05,STK003,-0.3806248470663645
2024-04-05,STK004,1.4200279177871042
2024-04-05,STK005,-1.8410361672928455
2024-04-05,STK006,0.09432015638109745
2024-04-05,STK007,1.9944284946810726
2024-04-05,STK009,-1.7333010446480788
2024-04-05,STK010,-0.39591796441059773
2024-04-05,STK011,1.4545180409590368
2024-04-05,STK012,0.37606959632077114
2024-04-05,STK013,-0.8388561095125178
2024-04-05,STK015,-0.5597002711498134
2024-04-05,STK017,1.3381961329386531
2024-04-05,STK018,1.052423012799171
2024-04-05,STK019,0.45601218210912847
2024-04-05,STK020,-1.3316447600574832
2024-04-05,STK021,-1.3279325139934413
2024-04-05,STK022,0.5332520212137634
2024-04-05,STK023,-1.3454710979328943
2024-04-05,STK024,-0.22556702106860427
2024-04-05,STK025,0.304150446186177
2024-04-05,STK026,-1.1375939953626888
2024-04-05,STK027,-1.0242623343588635
2024-04-05,STK028,-0.09412106456781866
2024-04-05,STK029,0.5036502875240538
2024-04-05,STK030,1.0615187704137568
2024-04-05,STK031,0.6070534347705518
2024-04-05,STK032,0.07365659499219453
2024-04-05,STK035,-0.5108770883291476
2024-04-05,STK036,0.40993558498056715
2024-04-05,STK037,0.33662370662734287
2024-04-05,STK038,-2.0999019857251224
2024-04-05,STK039,-0.785677028267503
2024-04-05,STK040,1.2045075516061559
2024-04-05,STK041,0.07921504780413943
2024-04-05,STK042,-1.417008913102986
2024-04-05,STK043,2.3558211815981513
2024-04-05,STK044,-0.028941732314764643
2024-04-05,STK045,0.38433395931340797
2024-04-05,STK046,0.3995247560451345
2024-04-05,STK047,-0.36759546616018607
2024-04-05,STK048,-0.7275736818213943
2024-04-05,STK049,2.1216749850659404
2024-04-05,STK051,0.8219372011086765
2024-04-05,STK052,0.5762891917182107
2024-04-05,STK053,-1.0033173903616845
2024-04-05,STK054,1.2775301917402737
2024-04-05,STK055,-0.8431326580117493
2024-04-05,STK056,0.2832867981506457
2024-04-05,STK057,-1.6393899054645689
2024-04-05,STK058,-2.0408588506475196
2024-04-05,STK059,0.3182912026531147
2024-04-08,STK000,-0.8090992671949081
2024-04-08,STK001,-1.9891675712972732
2024-04-08,STK002,0.5406095029470755
2024-04-08,STK003,2.120080771050789
2024-04-08,STK004,1.3895602585800617
2024-04-08,STK005,-0.2573178852656725
2024-04-08,STK007,0.8877062567839132
2024-04-08,STK008,1.1221280198349068
2024-04-08,STK010,0.034177715724574294
2024-04-08,STK011,0.30061480676453645
2024-04-08,STK012,0.5538763202788318
2024-04-08,STK013,-0.13307644201126692
2024-04-08,STK014,-0.12008524506874427
2024-04-08,STK015,1.3798323297543882
2024-04-08,STK016,1.2095207024428862
2024-04-08,STK017,0.4774105734360883
2024-04-08,STK018,1.7191090700229286
2024-04-08,STK019,-0.386445762226417
2024-04-08,STK020,1.6229734486293805
2024-04-08,STK021,0.5425154435355505
2024-04-08,STK022,3.2710261222145895
2024-04-08,STK023,-1.1924819267824778
2024-04-08,STK024,-0.6893452522173416
2024-04-08,STK025,0.4187978282005477
2024-04-08,STK026,0.3972340529789919
2024-04-08,STK027,1.9501389841750185
2024-04-08,STK028,-0.6683746832995339
2024-04-08,STK030,1.1624630046819957
2024-04-08,STK033,1.407758805254198
2024-04-08,STK034,1.2293249313154138
2024-04-08,STK035,0.5995845197903774
2024-04-08,STK036,0.20434768720895413
2024-04-08,STK037,0.22610801004437128
2024-04-08,STK038,-0.07873579223937772
2024-04-08,STK039,0.6407851342526418
2024-04-08,STK040,0.031134852944977556
2024-04-08,STK041,-0.8485249753526413
2024-04-08,STK042,-1.048591644827592
2024-04-08,STK043,-0.7520362536522921
2024-04-08,STK044,0.22213224254945177
2024-04-08,STK045,-0.026955836435207322
2024-04-08,STK046,0.21534379328874922
2024-04-08,STK047,0.500813133546111
2024-04-08,STK048,-0.6273209259168789
2024-04-08,STK049,1.4656601683453478
2024-04-08,STK051,-0.433426984781509
2024-04-08,STK052,0.4823862373324524
2024-04-08,STK053,-1.8365102023750728
2024-04-08,STK054,-0.7905344497229193
2024-04-08,STK055,0.981072798691833
2024-04-08,STK056,-1.7374219290621107
2024-04-08,STK057,1.1175741969331559
2024-04-08,STK058,1.5111365663591347
2024-04-08,STK059,-0.36945533782374834
2024-04-09,STK001,1.1190870848510266
2024-04-09,STK002,-0.4667891880435197
2024-04-09,STK003,0.8677755205261815
2024-04-09,STK006,-0.7993364643249737
2024-04-09,STK007,0.3426471991948034
2024-04-09,STK009,-0.18411293211716429
2024-04-09,STK010,-1.2712491599124032
2024-04-09,STK011,-1.0827068222868157
2024-04-09,STK012,0.3945994213705404
2024-04-09,STK013,1.8441164133942693
2024-04-09,STK014,0.39372499931439753
2024-04-09,STK017,-0.23949863558674636
2024-04-09,STK018,-0.3782852173642064
2024-04-09,STK019,-0.9584591056952636
2024-04-09,STK020,1.4084488442463559
2024-04-09,STK021,-2.5392079174956637
2024-04-09,STK022,0.7978592002792693
2024-04-09,STK023,-0.4637449377975369
2024-04-09,STK024,-0.4103407314516127
2024-04-09,STK025,1.6923151561178125
2024-04-09,STK026,-0.7141310922000513
2024-04-09,STK027,-0.6800691540284102
2024-04-09,STK028,-0.13039423891953036
2024-04-09,STK029,0.41384738581223823
2024-04-09,STK030,-0.4418557822928694
2024-04-09,STK031,-1.5738589305358854
2024-04-09,STK032,-0.8656981808817654
2024-04-09,STK033,1.2813338564645194
2024-04-09,STK034,0.07477678913551145
2024-04-09,STK035,0.45108728370382206
2024-04-09,STK036,-0.2614212071730376
2024-04-09,STK037,-0.6594976961732696
2024-04-09,STK038,1.677569449875411
2024-04-09,STK039,-0.18819185705108066
2024-04-09,STK040,-0.44336987952712686
2024-04-09,STK041,1.0961423663553396
2024-04-09,STK042,-0.7223603588673853
2024-04-09,STK043,-0.5947273437739967
2024-04-09,STK045,0.00027010408817970173
2024-04-09,STK047,2.091669089395488
2024-04-09,STK048,0.33624824635237044
2024-04-09,STK050,0.3262989434315609
2024-04-09,STK051,0.03787999448959883
2024-04-09,STK052,0.04345002435145766
2024-04-09,STK054,-0.028678287674799376
2024-04-09,STK055,-0.052612093055389005
2024-04-09,STK056,0.6130442097707861
2024-04-09,STK057,-0.542080797194501
2024-04-09,STK058,-0.9476863356391756
2024-04-10,STK000,-0.7158574437812334
2024-04-10,STK001,0.10014291246007646
2024-04-10,STK002,-1.4956602508753674
2024-04-10,STK003,0.11646841505142191
2024-04-10,STK004,-0.9332255506893351
2024-04-10,STK005,-0.44247294285001093
2024-04-10,STK007,0.47200956837807373
2024-04-10,STK008,0.5684095245748191
2024-04-10,STK009,-1.7712048383918628
2024-04-10,STK010,1.8368951698290128
2024-04-10,STK011,-1.191881310941875
2024-04-10,STK012,1.528560814293865
2024-04-10,STK013,1.0215438659814862
2024-04-10,STK014,0.5773327417846801
2024-04-10,STK015,-0.8549847809083815
2024-04-10,STK016,0.15158984481952292
2024-04-10,STK017,-0.4709214106448598
2024-04-10,STK018,0.029039571505291815
2024-04-10,STK020,-2.0386105065724083
2024-04-10,STK021,1.121784150984588
2024-04-10,STK023,-0.484800399502237
2024-04-10,STK024,-0.5603272328297677
2024-04-10,STK025,0.3584595763667682
2024-04-10,STK026,-0.8937563382944722
2024-04-10,STK027,-2.2551755584740434
2024-04-10,STK029,0.5191029979568217
2024-04-10,STK030,-0.1996318246776329
2024-04-10,STK031,-1.1479028751900089
2024-04-10,STK032,0.08893554088928533
2024-04-10,STK033,-1.4645323683135887
2024-04-10,STK034,-1.0272305966876594
2024-04-10,STK035,-0.7506979365041612
2024-04-10,STK036,0.8439390708915561
2024-04-10,STK037,-0.3626109504369171
2024-04-10,STK038,-0.4478664117764606
2024-04-10,STK039,1.9546925154112462
2024-04-10,STK040,0.3524624971887139
2024-04-10,STK041,0.33899451047482604
2024-04-10,STK042,-0.3697007452087749
2024-04-10,STK043,-0.5963716676367777
2024-04-10,STK044,-2.1864064400171506
2024-04-10,STK045,0.9687405319235582
2024-04-10,STK046,0.44830970575637913
2024-04-10,STK047,-0.17916599321341334
2024-04-10,STK048,-0.13722670183625574
2024-04-10,STK049,0.7361442622610551
2024-04-10,STK051,-0.5898813315538055
2024-04-10,STK052,-1.1363028628925305
2024-04-10,STK053,1.7715092824867462
2024-04-10,STK054,0.8756555318533007
2024-04-10,STK055,-2.2026926411353642
2024-04-10,STK056,-1.5137616266399756
2024-04-10,STK057,-0.1323456733574863
2024-04-10,STK058,-0.4724402120724247
2024-04-10,STK059,-1.3243822080768883
2024-04-11,STK000,1.9447622376504894
2024-04-11,STK001,0.3125399139825792
2024-04-11,STK002,0.4748163228630915
2024-04-11,STK003,-0.6920149492322138
2024-04-11,STK004,0.7222741471780024
2024-04-11,STK005,-0.3804327609820118
2024-04-11,STK006,-0.2833431737074994
2024-04-11,STK007,0.6110019598252598
2024-04-11,STK008,-1.6289975650602997
2024-04-11,STK009,1.5970278598509826
2024-04-11,STK010,0.1823892147238758
2024-04-11,STK011,1.2809442087804244
2024-04-11,STK012,-1.0754197566188184
2024-04-11,STK013,-0.9231651240281931
2024-04-11,STK014,-1.1619002215998122
2024-04-11,STK015,0.2502976726648389
2024-04-11,STK016,0.06598330191824608
2024-04-11,STK017,-0.4644118192311805
2024-04-11,STK018,-1.0140691928852794
2024-04-11,STK019,-1.2665962697308424
2024-04-11,STK020,-0.04848390047065598
2024-04-11,STK021,-0.4655867795886001
2024-04-11,STK022,-0.6856069923582623
2024-04-11,STK023,1.5470894861316096
2024-04-11,STK024,-0.08232567819273391
2024-04-11,STK025,1.2700429339269252
2024-04-11,STK026,-0.5332521826826966
2024-04-11,STK027,0.24477628379865687
2024-04-11,STK028,-0.055476016256334894
2024-04-11,STK029,-1.6976223095181227
2024-04-11,STK030,1.4283383062639128
2024-04-11,STK031,-0.13515360703241588
2024-04-11,STK032,0.7464182196329605
2024-04-11,STK033,-0.7520287224615594
2024-04-11,STK034,-0.16484438157976464
2024-04-11,STK036,1.2359984827633934
2024-04-11,STK037,0.3114093474506757
2024-04-11,STK038,0.36705352668088814
2024-04-11,STK039,1.358184147104979
2024-04-11,STK040,1.156341296899023
2024-04-11,STK041,0.7653425361362853
2024-04-11,STK042,-1.4217273470374627
2024-04-11,STK043,-0.6956791195166836
2024-04-11,STK044,-1.0038881360113527
2024-04-11,STK045,0.7275336936257992
2024-04-11,STK046,0.1706519417500514
2024-04-11,STK048,-0.18874421301122754
2024-04-11,STK049,-1.4941123357187784
2024-04-11,STK050,-0.05315648806975988
2024-04-11,STK051,-1.6553725039871847
2024-04-11,STK052,0.5288274933846129
2024-04-11,STK053,0.37796262603407355
2024-04-11,STK054,1.9079484933468815
2024-04-11,STK055,0.8478732894973424
2024-04-11,STK056,-0.42291425582250275
2024-04-11,STK057,0.818070093274486
2024-04-11,STK058,-1.3976638809451785
2024-04-11,STK059,-0.9624726036810854
2024-04-12,STK000,0.33314253207511
2024-04-12,STK001,-2.1582496627479273
2024-04-12,STK002,-0.037160784933883036
2024-04-12,STK003,-1.0202632921184207
2024-04-12,STK004,0.10130705515326355
2024-04-12,STK005,-1.0777363580472634
2024-04-12,STK006,0.42424813745518875
2024-04-12,STK007,0.01932742366738962
2024-04-12,STK009,0.006734534101622121
2024-04-12,STK010,-0.7686428049614663
2024-04-12,STK011,-0.2468858558272829
2024-04-12,STK012,-1.3442363970167315
2024-04-12,STK013,0.40613725470544
2024-04-12,STK014,0.5898502463152723
2024-04-12,STK015,2.469196036692818
2024-04-12,STK016,-0.6218359906044048
2024-04-12,STK017,-0.2677945736751827
2024-04-12,STK019,0.21211370113122407
2024-04-12,STK020,0.38169053447961365
2024-04-12,STK021,-0.05337484442851077
2024-04-12,STK022,1.0863259168730321
2024-04-12,STK024,0.9861740478907121
2024-04-12,STK025,0.5384978536410825
2024-04-12,STK027,-0.31493664075714545
2024-04-12,STK028,2.4266677587313694
2024-04-12,STK029,-0.8170086507420794
2024-04-12,STK030,0.29793317696841465
2024-04-12,STK031,-0.7502190702421325
2024-04-12,STK032,1.7856207486213058
2024-04-12,STK033,0.8868263287992036
2024-04-12,STK034,-0.6783498788411441
2024-04-12,STK035,0.5125949934312284
2024-04-12,STK036,0.2576957212765554
2024-04-12,STK037,-0.5166247619747387
2024-04-12,STK038,0.7581642172281733
2024-04-12,STK039,0.38930539110441015
2024-04-12,STK040,0.21569871388595227
2024-04-12,STK041,-0.04191971124232876
2024-04-12,STK042,0.43105449259965123
2024-04-12,STK043,0.22938766149245945
2024-04-12,STK044,0.05909333302501734
2024-04-12,STK045,-0.6410159159875635
2024-04-12,STK046,1.6937662407624925
2024-04-12,STK047,-1.050419943348547
2024-04-12,STK048,0.427636218879745
2024-04-12,STK049,-0.3202407423014329
2024-04-12,STK050,1.7595472694492997
2024-04-12,STK051,-0.9034825372238406
2024-04-12,STK052,-0.7352632617603321
2024-04-12,STK053,-0.9698180632618253
2024-04-12,STK054,0.3234650509506103
2024-04-12,STK055,-1.3730506595686418
2024-04-12,STK056,-0.47852849475776627
2024-04-12,STK057,-2.152365822854285
2024-04-12,STK058,0.24042135412809051
2024-04-15,STK000,-1.488056743931853
2024-04-15,STK001,1.0856094029740586
2024-04-15,STK002,-1.3076668983849393
2024-04-15,STK003,0.7969436900282153
2024-04-15,STK004,-0.7010408239878044
2024-04-15,STK005,1.601571377895426
2024-04-15,STK006,0.7495505389261462
2024-04-15,STK008,-0.9170825522103063
2024-04-15,STK010,-0.2623781307101668
2024-04-15,STK011,-0.16934250702136555
2024-04-15,STK012,1.2722388617720979
2024-04-15,STK013,-0.7486888733699565
2024-04-15,STK014,0.09129377217545448
2024-04-15,STK015,0.954627793652306
2024-04-15,STK016,0.8091174883856003
2024-04-15,STK017,-0.1596126675206725
2024-04-15,STK018,-0.2889058808526582
2024-04-15,STK019,-1.7388154625209316
2024-04-15,STK020,-1.0562449926651958
2024-04-15,STK021,0.3183592265747336
2024-04-15,STK022,-0.1378821889422362
2024-04-15,STK023,0.07492707856622638
2024-04-15,STK024,1.0392536096340605
2024-04-15,STK025,-1.1873231090622745
2024-04-15,STK026,-0.23618030223264996
2024-04-15,STK027,0.1887109634112177
2024-04-15,STK028,-0.704159937574516
2024-04-15,STK029,1.431477113927417
2024-04-15,STK031,0.2901333270887555
2024-04-15,STK032,1.7942317793285865
2024-04-15,STK034,-0.007726281105681772
2024-04-15,STK035,0.36633696893406104
2024-04-15,STK036,-0.9145550467939221
2024-04-15,STK037,0.30071454181772833
2024-04-15,STK038,-1.106582493787878
2024-04-15,STK039,0.6905573182742532
2024-04-15,STK041,0.2723334011283283
2024-04-15,STK042,-1.8527978150649458
2024-04-15,STK043,-0.9667935211660346
2024-04-15,STK044,0.5647100032131608
2024-04-15,STK047,1.2428303838682404
2024-04-15,STK049,-0.819074664000045
2024-04-15,STK050,0.9949555975666642
2024-04-15,STK051,-0.6775400129068989
2024-04-15,STK052,-0.6884521176042147
2024-04-15,STK053,0.3583526510140362
2024-04-15,STK054,1.7810384592422948
2024-04-15,STK055,1.6235871779728863
2024-04-15,STK056,0.35971149890410664
2024-04-15,STK057,0.46238565885031974
2024-04-15,STK058,0.791498932084825
2024-04-15,STK059,-1.256983675369349
2024-04-16,STK000,0.6441483371519825
2024-04-16,STK001,-0.7340734681435281
2024-04-16,STK002,0.3184780667965807
2024-04-16,STK003,-0.22746762760733732
2024-04-16,STK004,0.5012083271142144
2024-04-16,STK006,-3.0730302708212998
2024-04-16,STK007,0.17889171170518062
2024-04-16,STK008,0.6421529522992627
2024-04-16,STK009,0.4459283483384537
2024-04-16,STK010,-0.10258594620857964
2024-04-16,STK011,1.642161691930406
2024-04-16,STK012,0.3113731291216611
2024-04-16,STK013,0.4376733001931063
2024-04-16,STK014,1.0444918940505687
2024-04-16,STK015,0.3625929996965988
2024-04-16,STK016,-0.8980177534142035
2024-04-16,STK017,-2.4383374137796223
2024-04-16,STK018,-0.47712090201808144
2024-04-16,STK019,0.7609455258811165
2024-04-16,STK021,0.8011783722817295
2024-04-16,STK022,0.148728175920273
2024-04-16,STK024,-0.2952167071206611
2024-04-16,STK025,0.46761482656768805
2024-04-16,STK026,0.5058850645353592
2024-04-16,STK027,1.501601872631193
2024-04-16,STK028,-1.706637306334278
2024-04-16,STK029,-0.4584082745531576
2024-04-16,STK030,0.8485161053885039
2024-04-16,STK031,1.545896479778648
2024-04-16,STK032,0.24007151264208035
2024-04-16,STK033,-0.29270416442148695
2024-04-16,STK034,0.7571183686744447
2024-04-16,STK036,-0.3596616786673072
2024-04-16,STK037,0.3303073121775462
2024-04-16,STK038,1.1805272624119694
2024-04-16,STK039,1.8904589932744518
2024-04-16,STK040,0.7426049592352919
2024-04-16,STK041,0.044138896665593126
2024-04-16,STK042,-0.05407517603790821
2024-04-16,STK043,0.5573965571936229
2024-04-16,STK044,-0.11567284247945017
2024-04-16,STK045,0.18964049902238825
2024-04-16,STK046,-1.0578762645308748
2024-04-16,STK047,1.297057196491159
2024-04-16,STK048,-1.1401847271486785
2024-04-16,STK049,-0.4321117604530126
2024-04-16,STK052,-0.42268298485232736
2024-04-16,STK053,-0.6660158139603963
2024-04-16,STK054,-0.5508169173337938
2024-04-16,STK055,1.6588971676113125
2024-04-16,STK056,-2.8123469935060212
2024-04-16,STK057,-1.002738012148587
2024-04-16,STK058,2.7312887091595517
2024-04-16,STK059,0.5908820734916369
2024-04-17,STK000,-1.10598494933922
2024-04-17,STK001,-0.04191798217477153
2024-04-17,STK002,0.06745456606786167
2024-04-17,STK003,0.8461252459056059
2024-04-17,STK004,1.8395020028225635
2024-04-17,STK005,0.38855168127921547
2024-04-17,STK006,-0.5397883030129608
2024-04-17,STK007,0.7870844420982043
2024-04-17,STK008,-0.6982526968628611
2024-04-17,STK009,-1.0333374959890294
2024-04-17,STK010,-1.759908871956445
2024-04-17,STK011,-1.5651283945004009
2024-04-17,STK012,-0.8964451561242719
2024-04-17,STK013,-1.177789767700871
2024-04-17,STK014,0.31323652737471736
2024-04-17,STK015,-1.1994018258240353
2024-04-17,STK016,-3.143666302024744
2024-04-17,STK017,-1.0439117745894657
2024-04-17,STK018,-0.47185964772141936
2024-04-17,STK020,1.5195246793091843
2024-04-17,STK021,-0.6135425592891501
2024-04-17,STK023,-0.01898259968086171
2024-04-17,STK024,-0.042304725672598735
2024-04-17,STK025,-0.835380288848037
2024-04-17,STK026,-0.058782651580767155
2024-04-17,STK027,-0.7650961268974169
2024-04-17,STK028,0.1700243142545705
2024-04-17,STK029,-0.2362496326236882
2024-04-17,STK030,-0.9446279331916002
2024-04-17,STK031,0.9918943397005953
2024-04-17,STK032,0.42684048002142533
2024-04-17,STK033,-0.44806273414224823
2024-04-17,STK034,0.14549304703531002
2024-04-17,STK035,-0.08382252150196365
2024-04-17,STK036,-0.8675909372632739
2024-04-17,STK037,0.07049622902116384
2024-04-17,STK038,-0.6210117548073745
2024-04-17,STK039,-0.9449338356200992
2024-04-17,STK040,-1.6227673302665249
2024-04-17,STK041,-0.3586073535386307
2024-04-17,STK042,0.5669706595837234
2024-04-17,STK043,-0.6946593533788596
2024-04-17,STK044,2.5207086921579696
2024-04-17,STK045,0.8856856536527323
2024-04-17,STK046,1.3043301326604781
2024-04-17,STK047,0.7952430120737586
2024-04-17,STK049,-0.7870019834725421
2024-04-17,STK050,-2.5607373856586215
2024-04-17,STK051,-0.44612560835288306
2024-04-17,STK052,0.5582185755475376
2024-04-17,STK053,0.15151697174797846
2024-04-17,STK054,0.2754726109677837
2024-04-17,STK055,1.3209100026698724
2024-04-17,STK056,0.3820575744624996
2024-04-17,STK058,-0.9395627418527589
2024-04-18,STK000,1.6141139230244876
2024-04-18,STK001,0.10090153514706786
2024-04-18,STK002,-0.6232291834461349
2024-04-18,STK003,-0.6213944935471182
2024-04-18,STK004,-0.6491231216382576
2024-04-18,STK005,-0.7089590210458417
2024-04-18,STK006,-1.2831478026036598
2024-04-18,STK007,-1.5004204022205085
2024-04-18,STK008,-0.19500437765441916
2024-04-18,STK009,-0.5929258703203995
2024-04-18,STK010,1.1071592854432952
2024-04-18,STK011,0.29307665326691656
2024-04-18,STK012,0.2653176800779831
2024-04-18,STK013,-0.7431204075544506
2024-04-18,STK014,-0.1210284157799757
2024-04-18,STK015,0.36100110363144033
2024-04-18,STK016,0.7161957397126754
2024-04-18,STK017,-0.09389182651836551
2024-04-18,STK018,1.079123779324209
2024-04-18,STK019,0.007989308907942713
2024-04-18,STK020,0.7928471185176799
2024-04-18,STK021,-0.4898522085891503
2024-04-18,STK022,-1.8125883665686418
2024-04-18,STK023,0.26835898801852265
2024-04-18,STK024,0.7253240631466256
2024-04-18,STK025,0.5753473318075695
2024-04-18,STK027,-0.3485869659549873
2024-04-18,STK028,-0.8067462514455923
2024-04-18,STK029,0.5517282690437805
2024-04-18,STK030,0.42644741619827503
2024-04-18,STK031,-0.5608990908438263
2024-04-18,STK033,-0.8828655145476005
2024-04-18,STK037,-0.3580093058910226
2024-04-18,STK038,0.2873807096435505
2024-04-18,STK040,-2.7456138649773782
2024-04-18,STK041,-0.9064739494733817
2024-04-18,STK042,-0.050846617109281525
2024-04-18,STK044,0.24710256483042056
2024-04-18,STK045,1.12948231294792
2024-04-18,STK046,-0.32153578465392746
2024-04-18,STK047,-1.0576547961228648
2024-04-18,STK048,0.32485165851104525
2024-04-18,STK049,-0.3266233335678035
2024-04-18,STK050,-0.15606350082190265
2024-04-18,STK051,-0.29177371915307865
2024-04-18,STK053,-2.240704260997945
2024-04-18,STK054,-0.38833390313264615
2024-04-18,STK055,-0.0036890256483920517
2024-04-18,STK057,0.899825832128283
2024-04-18,STK058,0.8132576787196394
2024-04-18,STK059,-0.04775461848854061
2024-04-19,STK000,-0.27067375534369414
2024-04-19,STK002,-0.10478665364781072
2024-04-19,STK003,-0.07837302812576266
2024-04-19,STK004,-0.1879991015167995
2024-04-19,STK005,0.2524493145923928
2024-04-19,STK006,0.7532120648278651
2024-04-19,STK008,-1.050663899233149
2024-04-19,STK009,-1.7485180294835236
2024-04-19,STK010,0.8663974003575995
2024-04-19,STK011,0.25032329319046315
2024-04-19,STK012,0.5052675159327706
2024-04-19,STK013,-1.4294982383634685
2024-04-19,STK014,1.7849481228801383
2024-04-19,STK015,-0.6088509081453577
2024-04-19,STK016,0.16820580711125588
2024-04-19,STK017,0.8543846606783719
2024-04-19,STK019,-0.5463243585126668
2024-04-19,STK020,0.17917177460087425
2024-04-19,STK022,0.3011247428520243
2024-04-19,STK023,1.6063611506307183
2024-04-19,STK024,1.2056731451919556
2024-04-19,STK025,0.36801003649451874
2024-04-19,STK027,1.059753610818235
2024-04-19,STK028,-1.498110341648047
2024-04-19,STK029,1.600875123677092
2024-04-19,STK030,0.2000053082182553
2024-04-19,STK031,-2.650223547298176
2024-04-19,STK032,-0.34050609503183893
2024-04-19,STK033,0.6539478209229405
2024-04-19,STK034,-0.2370238730397667
2024-04-19,STK036,-0.8500241677122955
2024-04-19,STK037,-1.3059823727876074
2024-04-19,STK038,-0.07144540304760538
2024-04-19,STK040,-0.3483843510623214
2024-04-19,STK041,1.2272911466421925
2024-04-19,STK043,0.31316560733234944
2024-04-19,STK044,0.06796997116362523
2024-04-19,STK045,-1.5567159521360834
2024-04-19,STK046,-1.3190301836685123
2024-04-19,STK047,0.011911016248631409
2024-04-19,STK048,1.981199998686964
2024-04-19,STK049,0.579269811898811
2024-04-19,STK050,-1.7256348251446327
2024-04-19,STK051,-3.1104880651193376
2024-04-19,STK052,0.7330535930043798
2024-04-19,STK053,-0.09621348292819902
2024-04-19,STK054,1.1412659695103695
2024-04-19,STK055,-0.8807179207114415
2024-04-19,STK056,0.3502124978585262
2024-04-19,STK057,0.8461734630278627
2024-04-19,STK058,-0.44746363820648183
2024-04-19,STK059,-0.4260855702310654
2024-04-22,STK000,0.025262831098390486
2024-04-22,STK001,0.5426763465603288
2024-04-22,STK002,-0.014334004511910938
2024-04-22,STK003,0.9739963377594865
2024-04-22,STK004,-0.46193518926703
2024-04-22,STK005,-1.3283952054631096
2024-04-22,STK006,1.9769753681131799
2024-04-22,STK008,-0.5684420837177473
2024-04-22,STK009,-0.06580332107218435
2024-04-22,STK010,0.06718110965398118
2024-04-22,STK011,-0.38668364248828285
2024-04-22,STK012,-0.01743389694900904
2024-04-22,STK013,-0.03976223142817396
2024-04-22,STK014,0.17481932702080696
2024-04-22,STK015,-2.357487458987316
2024-04-22,STK016,1.8808763070078494
2024-04-22,STK017,-0.14728831353455754
2024-04-22,STK018,0.5806226194469853
2024-04-22,STK019,-1.3781013415340242
2024-04-22,STK020,-0.4710002612492502
2024-04-22,STK021,-0.6723158663204145
2024-04-22,STK022,1.4697237645085452
2024-04-22,STK023,-0.5858136068358828
2024-04-22,STK024,0.7580799869400913
2024-04-22,STK025,-0.6504204526731951
2024-04-22,STK026,-0.45261893965394406
2024-04-22,STK028,1.2838451268293003
2024-04-22,STK029,-1.8898526590301186
2024-04-22,STK030,-1.3156635552744327
2024-04-22,STK031,-1.9473051656898168
2024-04-22,STK032,-1.0875021197614503
2024-04-22,STK033,-0.8116000511921072
2024-04-22,STK034,-1.614481254090389
2024-04-22,STK036,-2.014714480933415
2024-04-22,STK037,-1.0179887237676812
2024-04-22,STK039,0.40358807028110283
2024-04-22,STK040,0.18746767217252772
2024-04-22,STK041,-1.0027785562791145
2024-04-22,STK042,-1.536084959044724
2024-04-22,STK043,-1.1391560755342807
2024-04-22,STK044,-0.043209826896014984
2024-04-22,STK045,0.8681767797266683
2024-04-22,STK046,0.9023674171353204
2024-04-22,STK049,0.024549832403988035
2024-04-22,STK050,-0.3213425300372459
2024-04-22,STK051,-0.20118976349475026
2024-04-22,STK055,1.2117489071961567
2024-04-22,STK056,-1.4658914950335382
2024-04-22,STK057,-0.6437474252662504
2024-04-22,STK058,-0.5290384975676395
2024-04-22,STK059,-0.2232897220539845
2024-04-23,STK000,-1.5959571596062172
2024-04-23,STK001,0.5952860603380394
2024-04-23,STK002,0.6662872825131441
2024-04-23,STK005,0.08651079078729512
2024-04-23,STK006,-0.8994402395690875
2024-04-23,STK007,-0.3325966607715127
2024-04-23,STK008,2.153467927170878
2024-04-23,STK010,-1.1875265759871734
2024-04-23,STK011,0.18033534066391385
2024-04-23,STK012,-1.3517959260633097
2024-04-23,STK013,-1.1990103925150117
2024-04-23,STK014,-1.041123135948791
2024-04-23,STK016,0.9369689955892015
2024-04-23,STK018,0.5229953282473283
2024-04-23,STK019,-1.0989245655905424
2024-04-23,STK020,-0.5413143554356487
2024-04-23,STK021,0.27200110688318835
2024-04-23,STK022,-0.6283199853884129
2024-04-23,STK023,-0.2783664403010984
2024-04-23,STK024,0.4413586925299495
2024-04-23,STK026,0.22605958910202525
2024-04-23,STK027,1.5927284560195685
2024-04-23,STK028,-0.17185879898699755
2024-04-23,STK029,1.1793378097192062
2024-04-23,STK030,0.5593700673073582
2024-04-23,STK031,-1.4672419934867666
2024-04-23,STK033,-0.8335958830698964
2024-04-23,STK034,-0.8548349169327834
2024-04-23,STK035,-0.0902897461068142
2024-04-23,STK036,0.6146440480818223
2024-04-23,STK037,1.2551584167047227
2024-04-23,STK038,0.30817508872508226
2024-04-23,STK039,-0.4456795560532098
2024-04-23,STK040,-2.0822412436298743
2024-04-23,STK041,0.07058957541733794
2024-04-23,STK042,0.025770193694991287
2024-04-23,STK044,2.1062402977033328
2024-04-23,STK046,0.7850609182499858
2024-04-23,STK047,-0.9620771300715998
2024-04-23,STK048,-0.5129947491967435
2024-04-23,STK049,-0.09484460692850216
2024-04-23,STK050,-0.7754071240103536
2024-04-23,STK051,0.5004645249851181
2024-04-23,STK052,0.35690884921570454
2024-04-23,STK053,-1.0883077930546925
2024-04-23,STK054,1.1968167090961244
2024-04-23,STK055,0.1023103338088603
2024-04-23,STK057,-0.051342858344969454
2024-04-23,STK059,0.9727923614357405
2024-04-24,STK000,-0.3374764031266163
2024-04-24,STK001,0.8279382674472072
2024-04-24,STK003,-1.3150546090375794
2024-04-24,STK005,1.1225598701493487
2024-04-24,STK006,1.195984178381769
2024-04-24,STK009,1.0566098490416067
2024-04-24,STK010,0.6836287294797211
2024-04-24,STK011,-0.9113114887336718
2024-04-24,STK012,1.7314287510323434
2024-04-24,STK013,0.536301432208273
2024-04-24,STK014,-0.38583877461162164
2024-04-24,STK015,-0.668270005305298
2024-04-24,STK016,0.2567837815138569
2024-04-24,STK017,-1.6710590848384548
2024-04-24,STK018,0.6996732753528626
2024-04-24,STK019,-0.9535708146940268
2024-04-24,STK020,0.37060810882428674
2024-04-24,STK022,-0.26441871272470363
2024-04-24,STK023,-0.7569098727650648
2024-04-24,STK024,-0.16122943118080152
2024-04-24,STK025,1.889379546017354
2024-04-24,STK026,1.3850596270486406
2024-04-24,STK027,0.3544789549954567
2024-04-24,STK028,-0.025294265564952366
2024-04-24,STK029,0.844201190692885
2024-04-24,STK030,1.1299703941075565
2024-04-24,STK031,-0.8298183822075292
2024-04-24,STK032,-0.0774388676322022
2024-04-24,STK033,-1.8219582295680803
2024-04-24,STK035,2.0650242577008555
2024-04-24,STK036,0.0800826246230855
2024-04-24,STK037,-2.1250101249030164
2024-04-24,STK038,0.6088905165770311
2024-04-24,STK040,-0.66334944166446
2024-04-24,STK041,0.6265763897910038
2024-04-24,STK042,0.2545541255127244
2024-04-24,STK043,-0.4881087753386017
2024-04-24,STK044,-0.6496056326016644
2024-04-24,STK045,0.12583605522083274
2024-04-24,STK046,-0.4094655525123675
2024-04-24,STK048,-0.33256318147836006
2024-04-24,STK049,0.33959262325518413
2024-04-24,STK050,-0.17810346681963335
2024-04-24,STK051,-1.4135085982481852
2024-04-24,STK052,0.9890646213755394
2024-04-24,STK053,-2.7388114369433336
2024-04-24,STK054,-0.4463651550284352
2024-04-24,STK055,-0.6201984545539159
2024-04-24,STK056,0.14817887787141484
2024-04-24,STK057,0.5616618078027354
2024-04-24,STK058,1.1267648082610353
2024-04-24,STK059,-0.7124048733521602
2024-04-25,STK000,0.5865823373334818
2024-04-25,STK001,0.1958183878814611
2024-04-25,STK002,-1.7115393751832233
2024-04-25,STK003,1.9005402554341098
2024-04-25,STK004,-1.4387751272401994
2024-04-25,STK005,0.41949727230971495
2024-04-25,STK006,0.3899599441977477
2024-04-25,STK007,0.2756367823290771
2024-04-25,STK008,-0.4945768821616075
2024-04-25,STK009,0.8272526511405023
2024-04-25,STK010,-1.5603674739430955
2024-04-25,STK011,-0.06582878867392292
2024-04-25,STK012,-0.5638746765524585
2024-04-25,STK013,-0.6772979420670315
2024-04-25,STK014,0.42874778745354575
2024-04-25,STK016,-0.34325576183686607
2024-04-25,STK017,0.7806810899257774
2024-04-25,STK018,0.04974066544459848
2024-04-25,STK019,-0.8927322092380086
2024-04-25,STK020,-0.25795209324106383
2024-04-25,STK021,-0.2994858907916149
2024-04-25,STK022,-0.6966599125054466
2024-04-25,STK023,0.42848292865583376
2024-04-25,STK024,0.23464618770475926
2024-04-25,STK025,-1.590649698269418
2024-04-25,STK026,-1.6515259952393577
2024-04-25,STK029,0.302041155100324
2024-04-25,STK030,0.7809315781091883
2024-04-25,STK031,-1.2709528374055592
2024-04-25,STK032,-1.411537254576185
2024-04-25,STK033,1.6744316823952952
2024-04-25,STK034,0.351570782962459
2024-04-25,STK035,-0.41924065667327093
2024-04-25,STK036,-0.9339404526462636
2024-04-25,STK037,-0.5104408489072796
2024-04-25,STK038,-1.1905723361133103
2024-04-25,STK040,-0.7767511536063209
2024-04-25,STK041,1.093534588216267
2024-04-25,STK042,-0.40062891977001125
2024-04-25,STK043,-1.0433501836173147
2024-04-25,STK044,-0.4263015880138014
2024-04-25,STK045,-2.624166777501417
2024-04-25,STK046,-0.12076857667400692
2024-04-25,STK047,-0.17011919113015858
2024-04-25,STK048,0.8247427465479676
2024-04-25,STK049,-1.8863049279833795
2024-04-25,STK050,1.1618663608635478
2024-04-25,STK051,0.820599294997656
2024-04-25,STK052,1.2520435636986627
2024-04-25,STK053,-0.05272137600413741
2024-04-25,STK054,1.0138968341027554
2024-04-25,STK055,-1.4712440349069051
2024-04-25,STK056,0.713047565204533
2024-04-25,STK057,-0.7711627620999453
2024-04-25,STK058,-1.6514018324229363
2024-04-25,STK059,-1.1241405181643607
2024-04-26,STK000,0.005531138629270573
2024-04-26,STK001,-0.8242992082176034
2024-04-26,STK002,0.37607353169579993
2024-04-26,STK003,-1.8082375550040173
2024-04-26,STK005,1.372387434143576
2024-04-26,STK006,0.9038001294014344
2024-04-26,STK007,-1.0492968359138075
2024-04-26,STK008,-0.002999643470539514
2024-04-26,STK009,1.0195070602013239
2024-04-26,STK011,0.1482230961834784
2024-04-26,STK012,1.095154081312597
2024-04-26,STK013,-0.7307124752012204
2024-04-26,STK014,0.0311784486646287
2024-04-26,STK016,-0.27276204767104256
2024-04-26,STK017,-0.3898055114207521
2024-04-26,STK018,0.07286823782849074
2024-04-26,STK019,0.03440749598552754
2024-04-26,STK020,-1.0484276425345258
2024-04-26,STK021,0.8017959099004475
2024-04-26,STK022,-0.9763852077662583
2024-04-26,STK023,-0.2182334445471739
2024-04-26,STK024,-0.2952804727200515
2024-04-26,STK025,0.35810361265921586
2024-04-26,STK027,0.8909098149294582
2024-04-26,STK028,-0.6769903476121641
2024-04-26,STK029,1.2199632947770542
2024-04-26,STK030,-0.4781649245161544
2024-04-26,STK031,-0.04884358573401051
2024-04-26,STK032,1.9137860400684237
2024-04-26,STK033,-0.27733820879366844
2024-04-26,STK034,1.2388498846734588
2024-04-26,STK035,0.03904508556456009
2024-04-26,STK036,0.4154188302934896
2024-04-26,STK037,0.0699585894113745
2024-04-26,STK038,0.8478516263001241
2024-04-26,STK039,-0.6855316128530513
2024-04-26,STK040,-0.9840485230191854
2024-04-26,STK041,-0.6385761903770217
2024-04-26,STK042,0.09971037632409105
2024-04-26,STK043,-0.22081878555032944
2024-04-26,STK044,0.7102748764711765
2024-04-26,STK045,1.30473169982152
2024-04-26,STK046,-0.9758383372350086
2024-04-26,STK047,-0.7339487916139326
2024-04-26,STK048,-1.436239418312854
2024-04-26,STK049,2.030372990759104
2024-04-26,STK050,0.30466949912182684
2024-04-26,STK051,0.47980232005157775
2024-04-26,STK052,-1.3402083850310482
2024-04-26,STK053,-0.0011699890068746332
2024-04-26,STK054,0.5092479844130853
2024-04-26,STK055,-0.252757690534425
2024-04-26,STK056,1.0757056248263945
2024-04-26,STK057,2.3118311256428297
2024-04-26,STK058,-0.9470628270939518
2024-04-26,STK059,-1.0220872459766968
2024-04-29,STK000,-0.8777560655285767
2024-04-29,STK001,1.6061991600164907
2024-04-29,STK002,1.0423553170296844
2024-04-29,STK003,-0.13552781779364848
2024-04-29,STK004,0.03655966440087428
2024-04-29,STK005,-0.8165436261967214
2024-04-29,STK007,-0.3799018241085537
2024-04-29,STK008,-0.2600765394549993
2024-04-29,STK009,0.6087897715292568
2024-04-29,STK010,-0.18799493808322118
2024-04-29,STK011,-0.2349659934978464
2024-04-29,STK012,0.010575205529075074
2024-04-29,STK013,0.7953554137930766
2024-04-29,STK015,0.585486232246082
2024-04-29,STK016,0.803314223624267
2024-04-29,STK017,-0.19985406210112439
2024-04-29,STK018,-0.707797863168717
2024-04-29,STK019,0.6539862322351151
2024-04-29,STK020,0.17124082460057136
2024-04-29,STK021,-1.4226286487497493
2024-04-29,STK022,-0.32806962342559803
2024-04-29,STK023,-0.08289702348155359
2024-04-29,STK024,-0.5104578670284787
2024-04-29,STK025,1.4817355945421273
2024-04-29,STK026,0.47983903690221674
2024-04-29,STK027,1.3731749178886479
2024-04-29,STK028,0.26342526165215957
2024-04-29,STK030,-0.9365978176102492
2024-04-29,STK031,0.01192953319656672
2024-04-29,STK032,0.013053925675440194
2024-04-29,STK033,-1.3671138840342332
2024-04-29,STK034,-0.5395274697703949
2024-04-29,STK035,-0.3232825985163624
2024-04-29,STK036,0.41347954405572146
2024-04-29,STK037,0.46135011198570613
2024-04-29,STK038,-0.5813184819652049
2024-04-29,STK039,0.46886960254188487
2024-04-29,STK040,-0.182078929348517
2024-04-29,STK041,-2.8696200248549566
2024-04-29,STK042,-0.4847020319515423
2024-04-29,STK043,1.0789886401423785
2024-04-29,STK045,0.11269120041554022
2024-04-29,STK046,1.585261214185287
2024-04-29,STK047,-0.7606129530104807
2024-04-29,STK048,0.002149080427685861
2024-04-29,STK049,-1.3040162572279212
2024-04-29,STK050,1.627231141663572
2024-04-29,STK051,-0.08333262699661428
2024-04-29,STK052,0.04662684279401815
2024-04-29,STK053,1.3543004655056223
2024-04-29,STK054,0.6614783946454811
2024-04-29,STK055,-0.8756287324967398
2024-04-29,STK058,-0.62412105506294
2024-04-29,STK059,-2.117243312120527
2024-04-30,STK000,-0.05324079863907779
2024-04-30,STK001,-1.4802126611248094
2024-04-30,STK002,1.616281753563726
2024-04-30,STK003,0.1767876377631527
2024-04-30,STK004,-0.9051750567435755
2024-04-30,STK005,-0.6986324146624537
2024-04-30,STK006,-1.8893975878739204
2024-04-30,STK007,-1.0994618867805037
2024-04-30,STK008,1.0163232025406992
2024-04-30,STK010,0.7263965131989585
2024-04-30,STK011,-0.09204253862102917
2024-04-30,STK012,-0.4319593756539166
2024-04-30,STK013,-0.9564958135763623
2024-04-30,STK014,2.0597658993397405
2024-04-30,STK015,-0.1887487018643749
2024-04-30,STK016,2.1156298300625043
2024-04-30,STK017,1.393519509610061
2024-04-30,STK018,-1.7407964313462736
2024-04-30,STK019,-0.6659523957592918
2024-04-30,STK020,-0.6690451241738223
2024-04-30,STK021,-0.07984636410573946
2024-04-30,STK022,-0.060314253113753484
2024-04-30,STK023,2.996239095398143
2024-04-30,STK024,-1.0772278744747588
2024-04-30,STK025,0.22896993566438997
2024-04-30,STK026,0.6165077424678032
2024-04-30,STK027,-0.0015720044691961827
2024-04-30,STK028,0.11018057778135802
2024-04-30,STK029,-1.0448088943065872
2024-04-30,STK030,0.10648619460268177
2024-04-30,STK031,0.5113989961743719
2024-04-30,STK032,0.3276005842711286
2024-04-30,STK033,0.5702009039120914
2024-04-30,STK034,1.412607900636232
2024-04-30,STK035,0.9369665419143417
2024-04-30,STK037,-1.171758351883278
2024-04-30,STK038,-0.6000052747111194
2024-04-30,STK039,-0.21963115191741533
2024-04-30,STK040,0.25234583134144734
2024-04-30,STK041,-0.4783327614993951
2024-04-30,STK042,-0.9357331991843516
2024-04-30,STK043,-1.188198689120337
2024-04-30,STK044,-1.651177759055531
2024-04-30,STK046,-1.469665442070305
2024-04-30,STK048,-0.3939018728443025
2024-04-30,STK049,-1.3359173093914338
2024-04-30,STK050,0.37975218849869696
2024-04-30,STK051,0.7402230636056872
2024-04-30,STK052,-0.5494270197753985
2024-04-30,STK053,-0.43702730761000175
2024-04-30,STK054,0.5374297701390774
2024-04-30,STK055,-0.713995097234679
2024-04-30,STK056,-0.7827339115972951
2024-04-30,STK057,1.1964984781862904
2024-04-30,STK058,0.8841877387127871
2024-04-30,STK059,0.6015500023439195
2024-05-01,STK000,0.9256446213940929
2024-05-01,STK001,-1.977278725367363
2024-05-01,STK002,1.3538355467931074
2024-05-01,STK003,0.3920621165837422
2024-05-01,STK004,1.010781384005735
2024-05-01,STK005,0.3871617791163626
2024-05-01,STK006,0.048924824680156194
2024-05-01,STK007,-0.2753092123620546
2024-05-01,STK008,0.36714437688620544
2024-05-01,STK010,0.8678761000651124
2024-05-01,STK011,-1.5864566445522004
2024-05-01,STK012,-0.5415758617942777
2024-05-01,STK013,2.0448232484766464
2024-05-01,STK014,-0.6260804635723924
2024-05-01,STK015,-0.23868372306347801
2024-05-01,STK016,-0.8825809333500763
2024-05-01,STK017,0.3358456728858239
2024-05-01,STK018,-0.7362648901421949
2024-05-01,STK019,-0.1856109348070501
2024-05-01,STK020,0.8488665360350706
2024-05-01,STK021,-0.6987634188148159
2024-05-01,STK022,0.7886111192652209
2024-05-01,STK023,0.8222293155603565
2024-05-01,STK024,1.0549560947192937
2024-05-01,STK025,0.14054099491804029
2024-05-01,STK026,3.2412590769767857
2024-05-01,STK027,1.054533696542082
2024-05-01,STK028,0.32487762440682655
2024-05-01,STK029,-0.8759244140817352
2024-05-01,STK030,-0.09705912587414098
2024-05-01,STK031,1.426326976900034
2024-05-01,STK032,1.7095346156262687
2024-05-01,STK033,1.4783291004402292
2024-05-01,STK034,0.7851923067296196
2024-05-01,STK035,-1.255660206295572
2024-05-01,STK036,0.4871618178256701
2024-05-01,STK037,-1.2414023780529977
2024-05-01,STK038,-1.4874711933807585
2024-05-01,STK039,0.23915868457723857
2024-05-01,STK040,0.5231994472697504
2024-05-01,STK041,0.9033770984808047
2024-05-01,STK043,0.5315859857427483
2024-05-01,STK044,-0.9846525849923764
2024-05-01,STK045,-0.10497668468466637
2024-05-01,STK046,-1.5071167856344878
2024-05-01,STK047,-2.0033691294001956
2024-05-01,STK048,0.7406427098430741
2024-05-01,STK049,-0.7531243937909587
2024-05-01,STK050,0.8724985021430535
2024-05-01,STK051,1.1083475778800387
2024-05-01,STK052,-0.6193173246231977
2024-05-01,STK053,0.5903110945552991
2024-05-01,STK054,-0.6611567286136416
2024-05-01,STK055,-1.845878874626824
2024-05-01,STK056,0.1233094044424584
2024-05-01,STK057,-0.4708738797157607
2024-05-01,STK058,-0.44008901058713173
2024-05-01,STK059,1.9753431178455254
2024-05-02,STK000,-1.5258569827326718
2024-05-02,STK002,-0.9948072371447515
2024-05-02,STK003,0.9082614092673243
2024-05-02,STK004,0.2984312361750658
2024-05-02,STK005,0.3793443491806136
2024-05-02,STK006,-0.9448896176022599
2024-05-02,STK008,0.9272505073458861
2024-05-02,STK009,1.7707977217275628
2024-05-02,STK011,-0.8974207207714328
2024-05-02,STK013,2.4274720443376094
2024-05-02,STK014,0.1024228107189117
2024-05-02,STK015,1.4618408593935994
2024-05-02,STK016,-0.740329365838712
2024-05-02,STK017,-0.04208605163638678
2024-05-02,STK018,0.6195652061255426
2024-05-02,STK019,0.3973283082628641
2024-05-02,STK020,-0.7663886801111608
2024-05-02,STK021,-0.8095174571305996
2024-05-02,STK022,0.9882844031026585
2024-05-02,STK023,1.191550812650145
2024-05-02,STK024,1.51214355812192
2024-05-02,STK026,0.13461943632259646
2024-05-02,STK027,-0.3111992442315934
2024-05-02,STK028,1.3509909387784689
2024-05-02,STK029,0.7130692818515867
2024-05-02,STK030,-0.9824552586675914
2024-05-02,STK031,-1.0336356655189114
2024-05-02,STK032,0.4919302013563091
2024-05-02,STK033,-0.17727466148399962
2024-05-02,STK034,-0.02642995474069754
2024-05-02,STK036,0.7590371449850357
2024-05-02,STK037,1.3298732484184317
2024-05-02,STK038,-1.9315361063733665
2024-05-02,STK039,0.2533979172212008
2024-05-02,STK040,0.6946885223972068
2024-05-02,STK041,-1.526585856687684
2024-05-02,STK042,-0.6548956413099721
2024-05-02,STK043,-0.840485162328919
2024-05-02,STK044,0.021698171059916185
2024-05-02,STK045,1.6278539686940638
2024-05-02,STK046,2.0225894046649007
2024-05-02,STK047,-0.8142875530732823
2024-05-02,STK048,0.5265572504935742
2024-05-02,STK049,0.5587978521423151
2024-05-02,STK050,0.38762577151474775
2024-05-02,STK051,0.39897963473923403
2024-05-02,STK052,0.30374250245132806
2024-05-02,STK053,1.6875701208064198
2024-05-02,STK054,1.1024665143680576
2024-05-02,STK055,-1.0601538975982672
2024-05-02,STK057,0.8923733745114522
2024-05-02,STK058,0.3149672871517889
2024-05-02,STK059,1.1314243705027294
2024-05-03,STK000,0.18807403429903718
2024-05-03,STK001,0.20046772107625074
2024-05-03,STK002,0.1212405446770433
2024-05-03,STK003,-2.018244085799669
2024-05-03,STK004,-0.080398393905874
2024-05-03,STK005,-0.6682505744545707
2024-05-03,STK006,-1.1864479781925572
2024-05-03,STK007,1.4340182847395226
2024-05-03,STK008,0.5042075185344578
2024-05-03,STK009,-0.029831080944547807
2024-05-03,STK010,-0.5648033511024263
2024-05-03,STK011,0.2961695846287402
2024-05-03,STK012,0.9914360933175131
2024-05-03,STK013,-0.8269658435469408
2024-05-03,STK014,-0.0048283722766100075
2024-05-03,STK015,0.8680664988511725
2024-05-03,STK016,-1.93600112908413
2024-05-03,STK017,-0.05756976240540404
2024-05-03,STK020,-0.501628556371903
2024-05-03,STK021,0.1376246052072956
2024-05-03,STK022,1.923627220422718
2024-05-03,STK023,-0.323922473928551
2024-05-03,STK024,0.29171100909410663
2024-05-03,STK025,1.9947464184091128
2024-05-03,STK026,-0.5500155783725553
2024-05-03,STK027,1.814675348928969
2024-05-03,STK028,0.005323006627107235
2024-05-03,STK029,1.7818962258649262
2024-05-03,STK030,0.7502011249463191
2024-05-03,STK031,0.3071083625824217
2024-05-03,STK032,-0.06563068188658654
2024-05-03,STK033,-0.6240414398792106
2024-05-03,STK034,0.07579154996435276
2024-05-03,STK035,0.8973614590200242
2024-05-03,STK036,-0.013111430996670575
2024-05-03,STK037,-0.3166228050618577
2024-05-03,STK038,-0.2507825341777729
2024-05-03,STK039,0.9924766135830533
2024-05-03,STK040,1.2251614550998557
2024-05-03,STK041,-0.6671505137683704
2024-05-03,STK042,-0.6685878574474897
2024-05-03,STK043,0.3793589196671123
2024-05-03,STK044,1.5275320647572548
2024-05-03,STK045,1.14599030831256
2024-05-03,STK047,-0.2640759699918621
2024-05-03,STK048,-0.9306035546895123
2024-05-03,STK049,-0.26751252191525826
2024-05-03,STK050,1.6044099960353544
2024-05-03,STK051,-1.4226006487830172
2024-05-03,STK052,-1.6188652932801901
2024-05-03,STK053,-0.8285541534336024
2024-05-03,STK054,0.2873106025759928
2024-05-03,STK055,0.6207548206407568
2024-05-03,STK056,0.4374484348615332
2024-05-03,STK057,1.1756854032310164
2024-05-03,STK058,-1.7630855942339292
2024-05-03,STK059,1.188336538358937
2024-05-06,STK000,-0.3120953200462915
2024-05-06,STK002,-1.3234254267632044
2024-05-06,STK003,0.004956697009070176
2024-05-06,STK004,0.23627077058901358
2024-05-06,STK005,1.1557510374984181
2024-05-06,STK006,-1.5852546226077653
2024-05-06,STK007,0.03075254853490416
2024-05-06,STK008,-1.085235291142143
2024-05-06,STK009,0.5054960442082751
2024-05-06,STK010,0.7772165364561262
2024-05-06,STK012,-0.5350294543083745
2024-05-06,STK013,0.9272264856887904
2024-05-06,STK014,1.3609015874770531
2024-05-06,STK015,-1.6432469698554668
2024-05-06,STK016,0.6123449200984505
2024-05-06,STK017,0.958511253780106
2024-05-06,STK018,-0.2587263863874374
2024-05-06,STK019,-1.2107735775251085
2024-05-06,STK020,0.9429557561096632
2024-05-06,STK021,-1.1995088275577568
2024-05-06,STK022,-0.17835143451090235
2024-05-06,STK023,-0.040124057803329026
2024-05-06,STK024,0.7155380517039994
2024-05-06,STK025,-0.6266315595125326
2024-05-06,STK026,-0.684583688827855
2024-05-06,STK028,1.0063904776197492
2024-05-06,STK029,2.287450000653147
2024-05-06,STK030,-1.5074811997787745
2024-05-06,STK031,0.3153420177865781
2024-05-06,STK032,-1.0865350262342919
2024-05-06,STK033,1.0188112432067427
2024-05-06,STK034,-0.938544547309233
2024-05-06,STK035,-0.6746482181823238
2024-05-06,STK037,-0.07619893871980389
2024-05-06,STK038,0.32319759685870747
2024-05-06,STK039,0.4837013936085136
2024-05-06,STK042,0.7277861503101892
2024-05-06,STK043,-0.05295866366302793
2024-05-06,STK044,1.1617347900146988
2024-05-06,STK045,-0.7077387794799367
2024-05-06,STK047,-0.03402600268307527
2024-05-06,STK048,1.295952688284265
2024-05-06,STK050,-0.19966979917285654
2024-05-06,STK051,-0.8703470176574332
2024-05-06,STK052,1.7577664666808224
2024-05-06,STK053,-1.0296025948847793
2024-05-06,STK054,-0.72539425762824
2024-05-06,STK055,0.5700341960840228
2024-05-06,STK056,-1.8560206898867897
2024-05-06,STK057,1.2745906653813397
2024-05-06,STK058,0.6241931142173556
2024-05-06,STK059,0.8992310718111097
2024-05-07,STK000,0.5581170119496541
2024-05-07,STK001,-0.16112351745637007
2024-05-07,STK002,-1.063148710155423
2024-05-07,STK003,-0.14007544122496063
2024-05-07,STK004,-0.9752363117526348
2024-05-07,STK006,0.8067798305481017
2024-05-07,STK007,1.4768086311982076
2024-05-07,STK008,0.3717676405528632
2024-05-07,STK009,0.9245753565951862
2024-05-07,STK010,-0.2971447372301422
2024-05-07,STK011,-0.47827713800819477
2024-05-07,STK012,0.47367189081680144
2024-05-07,STK013,-0.3864728727169088
2024-05-07,STK014,0.2691857888276577
2024-05-07,STK015,-1.061192189335421
2024-05-07,STK016,-0.8816276824763011
2024-05-07,STK018,0.8866900754060961
2024-05-07,STK019,-0.9856561689666805
2024-05-07,STK020,0.6706143105064207
2024-05-07,STK021,-0.5327356730352747
2024-05-07,STK024,0.8074872340229485
2024-05-07,STK025,0.7958719880221928
2024-05-07,STK026,1.9087903584569665
2024-05-07,STK027,-0.7038793410497978
2024-05-07,STK028,-0.9858749749925457
2024-05-07,STK029,-0.7221222702285907
2024-05-07,STK030,-0.25450105340661505
2024-05-07,STK031,-2.3545506142918935
2024-05-07,STK032,-0.20742823669681038
2024-05-07,STK033,-0.5445707318949119
2024-05-07,STK035,0.35241937901004006
2024-05-07,STK036,-0.600696627769337
2024-05-07,STK037,0.5899608453629039
2024-05-07,STK038,0.7232630598237696
2024-05-07,STK039,-0.7685457897914107
2024-05-07,STK040,-0.49302425538241845
2024-05-07,STK041,-2.2253631870979826
2024-05-07,STK042,-1.0906599743692849
2024-05-07,STK043,-0.7424695604235784
2024-05-07,STK045,-0.9453826793598152
2024-05-07,STK046,-0.513451987049109
2024-05-07,STK047,-1.225330681582599
2024-05-07,STK049,0.4257145945849076
2024-05-07,STK050,0.40236534841982236
2024-05-07,STK051,0.01236113190525933
2024-05-07,STK052,-1.5410729965013943
2024-05-07,STK053,-0.6199536638928509
2024-05-07,STK054,-0.4073066723184845
2024-05-07,STK055,-0.4032953129206253
2024-05-07,STK056,0.07498121798983637
2024-05-07,STK057,1.4255413723710189
2024-05-07,STK058,0.8120962126845997
2024-05-07,STK059,-0.9875177798486946
2024-05-08,STK000,0.6784028752966336
2024-05-08,STK001,0.6403023676657362
2024-05-08,STK002,-0.8060674729515649
2024-05-08,STK003,0.848865922635439
2024-05-08,STK004,-0.16037663594526336
2024-05-08,STK005,-1.4099534900144448
2024-05-08,STK006,0.45520272463714184
2024-05-08,STK007,0.2169618236145243
2024-05-08,STK008,-0.22767762918582773
2024-05-08,STK009,-0.03745308498329951
2024-05-08,STK010,-0.719085478888462
2024-05-08,STK011,0.6101305037971094
2024-05-08,STK012,-0.04345063450892596
2024-05-08,STK013,0.16644884394822793
2024-05-08,STK014,0.3571419244288725
2024-05-08,STK015,-1.154585614426325
2024-05-08,STK016,-0.894283021882052
2024-05-08,STK017,-2.2099444596162092
2024-05-08,STK018,0.564742258490407
2024-05-08,STK019,-1.2122100237467663
2024-05-08,STK020,0.1325697098956523
2024-05-08,STK021,0.3709882249395528
2024-05-08,STK022,0.6023528388925202
2024-05-08,STK023,-1.2040169138360592
2024-05-08,STK024,-0.06516161814069105
2024-05-08,STK025,1.670280420787749
2024-05-08,STK026,1.7143146799843163
2024-05-08,STK027,0.9873230940269508
2024-05-08,STK028,0.3374931388188395
2024-05-08,STK029,-1.0051063888453775
2024-05-08,STK030,0.718621625391053
2024-05-08,STK031,-0.15802122874684088
2024-05-08,STK032,0.5605282752728444
2024-05-08,STK033,-0.6328434548521167
2024-05-08,STK034,-0.17293311283992888
2024-05-08,STK035,0.16414736007642475
2024-05-08,STK036,0.2462780914938584
2024-05-08,STK037,0.4937227144602481
2024-05-08,STK038,-0.5791949845248994
2024-05-08,STK039,-1.3432844521102028
2024-05-08,STK040,1.6247850398997947
2024-05-08,STK041,2.489254169023358
2024-05-08,STK042,0.44742071120237864
2024-05-08,STK043,-1.3239920947301105
2024-05-08,STK044,-0.7731951168428768
2024-05-08,STK045,0.509117569050969
2024-05-08,STK046,1.341115611681286
2024-05-08,STK047,-1.2128906345418562
2024-05-08,STK048,-0.12433282084890122
2024-05-08,STK049,0.19593206444396905
2024-05-08,STK051,-0.34360109440037934
2024-05-08,STK053,0.6211975594529023
2024-05-08,STK054,1.124795965171238
2024-05-08,STK055,-0.08259146174516069
2024-05-08,STK056,0.40524009130643124
2024-05-08,STK057,-0.47449122942707067
2024-05-08,STK058,-0.8457727947258943
2024-05-08,STK059,1.0264256805472187
2024-05-09,STK000,0.38749584781446095
2024-05-09,STK001,0.49036859940188254
2024-05-09,STK002,1.502115147994613
2024-05-09,STK004,-0.5520262681594221
2024-05-09,STK005,0.15793334883469554
2024-05-09,STK006,-0.5643132377612419
2024-05-09,STK007,0.7831365352724501
2024-05-09,STK008,-0.18739922090398406
2024-05-09,STK009,-0.9925328074971896
2024-05-09,STK010,0.06577167518766158
2024-05-09,STK011,0.17033877080678794
2024-05-09,STK012,0.9346820628963304
2024-05-09,STK014,0.46114639135983565
2024-05-09,STK015,0.3202916840072248
2024-05-09,STK016,-0.18822252129193043
2024-05-09,STK017,-0.7162191151112647
2024-05-09,STK018,0.288838351659376
2024-05-09,STK019,-0.33312476588364065
2024-05-09,STK020,1.6898226204410154
2024-05-09,STK021,1.3421822947732187
2024-05-09,STK022,0.6328391323516083
2024-05-09,STK023,0.3784669392929856
2024-05-09,STK024,-0.08795905098117711
2024-05-09,STK025,-1.261123731347135
2024-05-09,STK027,0.10140003340525669
2024-05-09,STK028,0.2294564744446623
2024-05-09,STK029,0.4695363670158261
2024-05-09,STK030,0.9213301978776851
2024-05-09,STK031,-0.6921540716928671
2024-05-09,STK032,-0.6830756072090113
2024-05-09,STK033,1.4508566797431588
2024-05-09,STK034,0.7709815891931486
2024-05-09,STK035,-0.3907709421333212
2024-05-09,STK036,-0.10721116895223676
2024-05-09,STK037,-0.10271394667489854
2024-05-09,STK038,0.03157412228138299
2024-05-09,STK039,0.47268309223861316
2024-05-09,STK041,0.18975656116265244
2024-05-09,STK042,0.6625981504252507
2024-05-09,STK043,-1.6864767061901427
2024-05-09,STK044,-0.484899992778835
2024-05-09,STK047,-4.389114584864837
2024-05-09,STK048,0.6740232023161967
2024-05-09,STK049,1.918164394628769
2024-05-09,STK050,-1.9959075861197932
2024-05-09,STK051,1.5193876756455122
2024-05-09,STK052,-2.771955630625928
2024-05-09,STK053,0.9379989450534133
2024-05-09,STK054,-0.008648626012240201
2024-05-09,STK055,-2.3499712152446164
2024-05-09,STK056,0.4461378272397865
2024-05-09,STK057,1.1508397491520586
2024-05-09,STK058,0.36388700382157313
2024-05-09,STK059,0.584827637059613
2024-05-10,STK000,-0.41167611233906165
2024-05-10,STK001,-1.861389755221022
2024-05-10,STK004,1.129580854227459
2024-05-10,STK005,-1.9878758296013461
2024-05-10,STK006,-1.5148944072109338
2024-05-10,STK007,-0.8459677417973405
2024-05-10,STK008,-1.5929754512801433
2024-05-10,STK010,0.3934158051805228
2024-05-10,STK011,-1.4302532832423676
2024-05-10,STK012,0.7771284592755282
2024-05-10,STK013,0.601103944020014
2024-05-10,STK014,-0.5481591248437031
2024-05-10,STK016,-1.9498011756530316
2024-05-10,STK017,-0.3322621562870741
2024-05-10,STK018,0.007384974130325764
2024-05-10,STK019,0.16874759522818958
2024-05-10,STK020,0.37887691202017393
2024-05-10,STK021,0.24424174323057224
2024-05-10,STK022,-0.26434369726567053
2024-05-10,STK023,0.2861949425543167
2024-05-10,STK024,1.002031993310248
2024-05-10,STK025,-0.09549807330964437
2024-05-10,STK026,0.31759489083167675
2024-05-10,STK027,-0.18617106266411843
2024-05-10,STK028,-0.6467589164795713
2024-05-10,STK029,0.5228796669176042
2024-05-10,STK030,-0.5552259441702052
2024-05-10,STK031,0.38614690099219057
2024-05-10,STK032,0.02825537151004551
2024-05-10,STK033,-0.3039346765201432
2024-05-10,STK035,-0.5081209924156869
2024-05-10,STK036,-1.6458011720890138
2024-05-10,STK037,0.38289509516169207
2024-05-10,STK038,0.2315468252783205
2024-05-10,STK039,0.8496702524484937
2024-05-10,STK040,-0.5314569023067949
2024-05-10,STK041,1.8953836254766674
2024-05-10,STK042,-0.3797359478496331
2024-05-10,STK043,-0.8751096421946959
2024-05-10,STK044,-0.9936849198426648
2024-05-10,STK045,-1.7339224032296623
2024-05-10,STK046,1.5326278923931278
2024-05-10,STK047,1.371067390768662
2024-05-10,STK048,0.600745162884758
2024-05-10,STK049,-0.8960888077757798
2024-05-10,STK050,1.8112676815591198
2024-05-10,STK051,-0.35171916152165594
2024-05-10,STK052,-0.26902583122665236
2024-05-10,STK053,1.437259080436076
2024-05-10,STK054,0.6589105844808723
2024-05-10,STK055,2.2011031387545934
2024-05-10,STK056,0.24872226031901956
2024-05-10,STK057,-0.3970307995787248
2024-05-10,STK058,-0.6118048834597958
2024-05-10,STK059,-1.846996177190627
2024-05-13,STK000,-0.27859577280620446
2024-05-13,STK001,1.1445933388273806
2024-05-13,STK002,0.5988341726560692
2024-05-13,STK003,0.020308006560405812
2024-05-13,STK004,-0.9949344438163292
2024-05-13,STK005,0.22687301801273724
2024-05-13,STK006,1.0128137051953732
2024-05-13,STK007,0.4307192564699845
2024-05-13,STK008,0.16673516963335916
2024-05-13,STK009,-0.796957653281206
2024-05-13,STK010,0.8671818141120127
2024-05-13,STK011,-3.131904818744181
2024-05-13,STK012,0.382845708865145
2024-05-13,STK013,2.5703219809445987
2024-05-13,STK014,-1.508373387331847
2024-05-13,STK015,-0.241369454701366
2024-05-13,STK016,-0.00791099012472641
2024-05-13,STK018,1.0363742425589795
2024-05-13,STK019,0.472451014355301
2024-05-13,STK021,0.7972725611692801
2024-05-13,STK022,0.0167507090717422
2024-05-13,STK023,3.179864488823514
2024-05-13,STK024,0.15134693365674112
2024-05-13,STK025,0.19528209848970435
2024-05-13,STK026,-1.7104680495732754
2024-05-13,STK027,-0.5434503273034238
2024-05-13,STK028,1.1473776817998096
2024-05-13,STK029,-1.3354568503598725
2024-05-13,STK030,-2.157557174301955
2024-05-13,STK031,0.03231547118757482
2024-05-13,STK032,1.370744507474978
2024-05-13,STK033,0.042381228696125636
2024-05-13,STK034,-0.3361246026263436
2024-05-13,STK035,-1.85848793774098
2024-05-13,STK036,0.45225412270219334
2024-05-13,STK037,0.6612751088830449
2024-05-13,STK038,-1.7817324991011003
2024-05-13,STK039,1.1345324486972188
2024-05-13,STK040,0.7656955258921091
2024-05-13,STK041,1.1323159425473455
2024-05-13,STK042,0.5835250918333419
2024-05-13,STK043,0.6536827088113185
2024-05-13,STK044,0.5207208987017389
2024-05-13,STK045,0.8684723215011957
2024-05-13,STK046,-1.8187577691239185
2024-05-13,STK047,-1.5010594336215146
2024-05-13,STK048,-0.7360079001897717
2024-05-13,STK049,-0.12982017167255325
2024-05-13,STK050,0.3881369233081794
2024-05-13,STK051,0.32468165322885006
2024-05-13,STK052,1.1171058114560313
2024-05-13,STK053,1.148495298580351
2024-05-13,STK054,-0.8723851082937929
2024-05-13,STK055,0.23857611005047125
2024-05-13,STK056,-0.8478315477218382
2024-05-13,STK058,0.32179136904849476
2024-05-14,STK000,2.4112440396396844
2024-05-14,STK001,0.5664086773974751
2024-05-14,STK002,-0.595703275413406
2024-05-14,STK003,1.927369755230228
2024-05-14,STK004,-0.3474311704861944
2024-05-14,STK005,0.13251938582805775
2024-05-14,STK006,-0.48711581039762725
2024-05-14,STK007,1.6519918374433393
2024-05-14,STK008,-0.10498470630588037
2024-05-14,STK009,0.14948410073950924
2024-05-14,STK010,1.2037821530254462
2024-05-14,STK011,0.5851394574610765
2024-05-14,STK012,-0.054348065134071935
2024-05-14,STK013,1.110390972357463
2024-05-14,STK014,2.538483229427952
2024-05-14,STK015,0.3174104487994213
2024-05-14,STK016,0.11676008787256639
2024-05-14,STK017,0.17062708361908155
2024-05-14,STK018,1.3104295008315177
2024-05-14,STK019,-0.5991977350329224
2024-05-14,STK021,-1.5374429491266413
2024-05-14,STK022,-1.1838678626399737
2024-05-14,STK023,-0.5178000026979704
2024-05-14,STK024,-0.05593699406042271
2024-05-14,STK025,1.7690833257701195
2024-05-14,STK026,0.5359928049252244
2024-05-14,STK027,-0.9120785101897938
2024-05-14,STK028,-0.7279804853641153
2024-05-14,STK029,1.3747486832306544
2024-05-14,STK030,1.1266103486291923
2024-05-14,STK031,0.028149910224203063
2024-05-14,STK032,-0.44252646553883224
2024-05-14,STK033,1.1249328357046429
2024-05-14,STK034,-0.9933271267246865
2024-05-14,STK035,0.39203039805752304
2024-05-14,STK036,2.2726589908933312
2024-05-14,STK037,0.20535568225145748
2024-05-14,STK038,-0.7756094792616043
2024-05-14,STK039,0.4103687026715378
2024-05-14,STK041,-1.3941158437534145
2024-05-14,STK042,0.7010360268721068
2024-05-14,STK043,1.1178344005497223
2024-05-14,STK044,-0.31090667207257267
2024-05-14,STK045,-0.37723567409627334
2024-05-14,STK046,-0.9615653911218296
2024-05-14,STK047,-0.1499356004675666
2024-05-14,STK048,-0.5623683829231909
2024-05-14,STK049,-1.0110326867032555
2024-05-14,STK050,1.892168830399606
2024-05-14,STK051,0.4664928167495073
2024-05-14,STK052,0.5723951080293523
2024-05-14,STK054,0.7710362167598054
2024-05-14,STK055,-0.4131099527967148
2024-05-14,STK056,0.2725526229714672
2024-05-14,STK057,-0.2690304842606603
2024-05-14,STK058,0.43846362477666
2024-05-14,STK059,0.3416908859581642
2024-05-15,STK000,-0.3826602608642019
2024-05-15,STK001,-1.3292987229217992
2024-05-15,STK002,0.14623705696550768
2024-05-15,STK003,-0.20426948780729892
2024-05-15,STK004,-1.8903722477087583
2024-05-15,STK005,0.5076617688887175
2024-05-15,STK006,0.9653421122427754
2024-05-15,STK007,2.5283564752089505
2024-05-15,STK008,-0.39119750332066106
2024-05-15,STK009,-0.5387118965490677
2024-05-15,STK010,-1.1094210304392413
2024-05-15,STK011,0.2086419064870071
2024-05-15,STK012,0.2023181805583551
2024-05-15,STK014,-0.1749298820038401
2024-05-15,STK015,-1.9786656668893567
2024-05-15,STK016,0.9263767478332465
2024-05-15,STK017,-0.7706792596721668
2024-05-15,STK018,-0.03465635141297929
2024-05-15,STK019,-1.426693421297779
2024-05-15,STK020,-0.5823535994615734
2024-05-15,STK021,-0.2795911535175272
2024-05-15,STK022,-0.011290846960830136
2024-05-15,STK023,0.4797325155225118
2024-05-15,STK025,0.7327109427693562
2024-05-15,STK026,0.9621645431462449
2024-05-15,STK027,1.4461041099431382
2024-05-15,STK028,0.5697078815226975
2024-05-15,STK029,-0.03670719561899534
2024-05-15,STK030,1.0091119062550553
2024-05-15,STK031,1.0730092859616567
2024-05-15,STK033,-1.454627597036103
2024-05-15,STK035,-0.274854104030484
2024-05-15,STK036,0.7796210207358992
2024-05-15,STK037,-0.021346419070559747
2024-05-15,STK038,1.1368686334505633
2024-05-15,STK039,1.3152366287442812
2024-05-15,STK040,1.1991704686772062
2024-05-15,STK041,1.2055405644802868
2024-05-15,STK042,-1.0369939046587182
2024-05-15,STK043,0.4826354994557758
2024-05-15,STK044,-0.6075290409554163
2024-05-15,STK045,-1.6490663313591984
2024-05-15,STK046,-0.2874711320558362
2024-05-15,STK047,1.3247369656272514
2024-05-15,STK048,0.4607420101184635
2024-05-15,STK049,2.017809371605892
2024-05-15,STK050,0.17723014526811154
2024-05-15,STK051,2.4478027535929074
2024-05-15,STK052,0.17752122551705124
2024-05-15,STK053,0.022480296153736364
2024-05-15,STK054,-1.2793900879214963
2024-05-15,STK055,1.1105627402927678
2024-05-15,STK056,-0.5021251289404789
2024-05-15,STK057,-0.647047639408727
2024-05-15,STK058,1.281230563762572
2024-05-15,STK059,1.1582226687959571
2024-05-16,STK000,1.132051367210679
2024-05-16,STK003,-0.059854397695851456
2024-05-16,STK004,0.7825181806723981
2024-05-16,STK005,1.55356466849423
2024-05-16,STK006,0.36814655519840694
2024-05-16,STK007,1.9748910853573585
2024-05-16,STK008,0.8971944180330614
2024-05-16,STK009,-0.23479939411441825
2024-05-16,STK010,0.8287114061289749
2024-05-16,STK011,1.7059402787087732
2024-05-16,STK012,1.9982889833413344
2024-05-16,STK013,1.1868913445990807
2024-05-16,STK014,0.025674453657999224
2024-05-16,STK015,-0.21669325405592046
2024-05-16,STK016,0.5760695035613909
2024-05-16,STK017,1.6739744952710462
2024-05-16,STK018,0.4337691222144516
2024-05-16,STK019,0.4545318718688109
2024-05-16,STK020,0.05139785431709231
2024-05-16,STK021,-0.3278910626312124
2024-05-16,STK022,-0.1621345066439178
2024-05-16,STK023,0.13542598524553
2024-05-16,STK024,1.7180999962398222
2024-05-16,STK025,-0.23971377853080178
2024-05-16,STK026,0.05261207591138063
2024-05-16,STK027,-0.8653776604065087
2024-05-16,STK028,0.7166310664731552
2024-05-16,STK029,1.3666791787182826
2024-05-16,STK030,1.6244978459567558
2024-05-16,STK032,0.5743542832792355
2024-05-16,STK033,-0.15355032217003803
2024-05-16,STK034,0.5280186796945225
2024-05-16,STK035,0.3139651524992144
2024-05-16,STK036,0.05826438725148733
2024-05-16,STK037,0.13775369227712947
2024-05-16,STK039,-0.29415243484556425
2024-05-16,STK041,1.7073620136715535
2024-05-16,STK042,2.710546768846383
2024-05-16,STK044,-1.2594712043760588
2024-05-16,STK045,-0.9571528278081498
2024-05-16,STK048,0.591252942048272
2024-05-16,STK049,0.17203113678046833
2024-05-16,STK050,0.5289355469578989
2024-05-16,STK051,-0.6920861566283695
2024-05-16,STK052,-0.2441227717526189
2024-05-16,STK053,-0.020094548375796818
2024-05-16,STK054,-1.5842163388718526
2024-05-16,STK055,-1.161310204722596
2024-05-16,STK056,-1.121566061277659
2024-05-16,STK057,0.7641082236837743
2024-05-16,STK058,0.24535494857241638
2024-05-16,STK059,0.611061200073943
2024-05-17,STK000,-1.8396549898024643
2024-05-17,STK001,-1.4835666860516032
2024-05-17,STK002,0.6632154402564954
2024-05-17,STK003,-2.778669641666051
2024-05-17,STK004,1.2246293575998046
2024-05-17,STK005,-1.82331714352279
2024-05-17,STK006,0.8433448919249784
2024-05-17,STK007,-0.8885846247569626
2024-05-17,STK008,1.0489037151715825
2024-05-17,STK010,-2.2731776301211255
2024-05-17,STK011,0.6953771478606484
2024-05-17,STK012,-1.8081627135937397
2024-05-17,STK013,0.4267689222175041
2024-05-17,STK014,-0.20677216355189393
2024-05-17,STK015,0.1297823224618433
2024-05-17,STK016,-0.911686276328237
2024-05-17,STK017,0.7805411094965004
2024-05-17,STK018,-1.448357837970381
2024-05-17,STK019,1.2416372628987402
2024-05-17,STK020,-0.40925030661018263
2024-05-17,STK021,-1.4026906774030896
2024-05-17,STK022,1.5949368233406982
2024-05-17,STK023,-0.06734265280915312
2024-05-17,STK024,1.9076359704420263
2024-05-17,STK025,1.2213561293133421
2024-05-17,STK026,-0.798145704786435
2024-05-17,STK027,-0.0849898009367489
2024-05-17,STK028,0.12103793966357433
2024-05-17,STK029,1.5263031999864394
2024-05-17,STK030,0.437517713367115
2024-05-17,STK031,0.17629262109645927
2024-05-17,STK032,-0.1998795870983077
2024-05-17,STK033,-0.0505570358546391
2024-05-17,STK034,1.3045920856783244
2024-05-17,STK035,0.0037053507974743488
2024-05-17,STK036,-0.3949972712981747
2024-05-17,STK037,-0.5645071656136869
2024-05-17,STK038,-0.553765153836162
2024-05-17,STK039,-1.402095996042765
2024-05-17,STK040,-0.750375308326479
2024-05-17,STK041,1.498420275650323
2024-05-17,STK042,-0.20659926056749658
2024-05-17,STK043,0.7044116685560984
2024-05-17,STK044,-2.4787565179008344
2024-05-17,STK045,0.5683113089658791
2024-05-17,STK046,-0.16135270436911373
2024-05-17,STK049,-0.4958252538120278
2024-05-17,STK050,-2.123874919888356
2024-05-17,STK051,0.9222479411719373
2024-05-17,STK052,0.24301756134819305
2024-05-17,STK053,-0.3139424547478518
2024-05-17,STK054,-0.9661853720724374
2024-05-17,STK055,-1.469857516107135
2024-05-17,STK056,0.2238927070680576
2024-05-17,STK057,1.613440960225359
2024-05-17,STK058,0.2031664767410382
2024-05-17,STK059,-1.382761606092826
2024-05-20,STK000,0.22511672703840255
2024-05-20,STK001,-0.053342962246727924
2024-05-20,STK002,0.8640436260742304
2024-05-20,STK003,0.6067331774117265
2024-05-20,STK004,-2.9858225341099236
2024-05-20,STK005,0.5452422044284568
2024-05-20,STK006,-1.0034794095040838
2024-05-20,STK007,-1.421728741448699
2024-05-20,STK008,-0.18847341037356372
2024-05-20,STK009,0.41097110903001155
2024-05-20,STK010,-1.6407346102868243
2024-05-20,STK011,0.7045764170575515
2024-05-20,STK012,0.7633388475315999
2024-05-20,STK013,0.046976196299497744
2024-05-20,STK014,-0.8676236302270486
2024-05-20,STK015,-0.979378004189292
2024-05-20,STK016,1.0259321315802274
2024-05-20,STK017,-1.5112226864959049
2024-05-20,STK018,1.0644704608191784
2024-05-20,STK019,-0.1651991591304367
2024-05-20,STK020,-0.09583449964285712
2024-05-20,STK021,-1.708087705413325
2024-05-20,STK022,-0.1467166301285866
2024-05-20,STK023,0.6135855160113759
2024-05-20,STK024,-1.3364100878519811
2024-05-20,STK025,0.4986358672518455
2024-05-20,STK026,0.08901225367902267
2024-05-20,STK027,-0.6437556138323068
2024-05-20,STK029,-2.202256768978556
2024-05-20,STK030,0.346680748743709
2024-05-20,STK031,1.6194351580732922
2024-05-20,STK032,1.4399431391006616
2024-05-20,STK034,-0.3016807761308459
2024-05-20,STK036,-0.30292579390564206
2024-05-20,STK038,-0.8072438054594162
2024-05-20,STK039,0.757423818050381
2024-05-20,STK040,2.133160518003324
2024-05-20,STK041,-0.061883235127395034
2024-05-20,STK042,-1.3443948032833053
2024-05-20,STK043,-1.3447447463164128
2024-05-20,STK044,0.7765655517115755
2024-05-20,STK045,-0.05974617896044361
2024-05-20,STK046,0.876830896064053
2024-05-20,STK047,-0.5336342491593495
2024-05-20,STK048,0.8306235475398316
2024-05-20,STK049,-0.15829917344972547
2024-05-20,STK050,-0.7325040553239491
2024-05-20,STK052,-1.1970543554232365
2024-05-20,STK053,1.9893595585816115
2024-05-20,STK054,-0.09638181355848706
2024-05-20,STK055,0.644514088682196
2024-05-20,STK056,-0.5368691328707993
2024-05-20,STK057,-1.0519278219798232
2024-05-20,STK058,-0.23388051091793519
2024-05-21,STK000,-0.5207317913982836
2024-05-21,STK001,-0.8705319727294154
2024-05-21,STK002,0.1554642443691435
2024-05-21,STK003,0.4990226007177441
2024-05-21,STK004,1.642848168853183
2024-05-21,STK005,0.35375047837249485
2024-05-21,STK006,0.643992678531235
2024-05-21,STK007,0.7192752369203216
2024-05-21,STK008,-1.1530153819326303
2024-05-21,STK009,-0.9633320704695443
2024-05-21,STK010,-1.0838962896056503
2024-05-21,STK012,0.7954598748704036
2024-05-21,STK013,0.29005009166375534
2024-05-21,STK014,0.07949606309144953
2024-05-21,STK015,-2.5927165154022687
2024-05-21,STK016,2.0554768586186185
2024-05-21,STK017,-0.8942720041535557
2024-05-21,STK018,2.0518127559389576
2024-05-21,STK019,-1.449241480651316
2024-05-21,STK020,-0.8124011585565369
2024-05-21,STK022,0.3621249759426975
2024-05-21,STK023,-1.1012568208112323
2024-05-21,STK024,-1.0730001540983543
2024-05-21,STK025,-1.3725142171743974
2024-05-21,STK026,0.777355062737863
2024-05-21,STK027,0.7114636515675471
2024-05-21,STK028,1.8120338910787854
2024-05-21,STK029,-0.6857066210729733
2024-05-21,STK030,0.21881937104680035
2024-05-21,STK031,-1.2893351974019516
2024-05-21,STK032,-0.33503902273531805
2024-05-21,STK033,-0.5188453132811776
2024-05-21,STK034,0.46444995749542084
2024-05-21,STK035,1.017021806418191
2024-05-21,STK036,0.9910666908314999
2024-05-21,STK037,-0.8428122722176108
2024-05-21,STK038,0.9984679046229995
2024-05-21,STK039,-0.044085137107797066
2024-05-21,STK040,-0.32459689589701496
2024-05-21,STK041,-0.7085114868189184
2024-05-21,STK042,-0.559935794361552
2024-05-21,STK043,1.7423138461962333
2024-05-21,STK045,0.17461184750120493
2024-05-21,STK047,2.4459786114380284
2024-05-21,STK048,1.3050104888464247
2024-05-21,STK049,-0.7210621147987927
2024-05-21,STK050,-0.2736150547046242
2024-05-21,STK051,-0.21424454337091037
2024-05-21,STK052,0.14587197828259946
2024-05-21,STK053,-0.7012259926314353
2024-05-21,STK055,1.4520881320393144
2024-05-21,STK057,-1.128146737092067
2024-05-21,STK058,-0.48315855529730695
2024-05-21,STK059,-0.43679556010782966
2024-05-22,STK000,1.9984658747459307
2024-05-22,STK001,1.0017092200148388
2024-05-22,STK002,0.9443223521182641
2024-05-22,STK003,-0.2643656935134005
2024-05-22,STK004,-0.2863134067868141
2024-05-22,STK005,-1.4517054137653986
2024-05-22,STK006,0.7817402280478173
2024-05-22,STK007,0.49105460480878543
2024-05-22,STK009,-0.2108297133561673
2024-05-22,STK011,0.17004552856063573
2024-05-22,STK012,0.8918975755070955
2024-05-22,STK014,0.7360561337383746
2024-05-22,STK015,-0.020495562172830533
2024-05-22,STK016,-1.0586372679536964
2024-05-22,STK017,-2.0846057526540664
2024-05-22,STK018,-0.1364737118783534
2024-05-22,STK019,1.44771298327407
2024-05-22,STK020,1.674684666741395
2024-05-22,STK022,1.9620056638422476
2024-05-22,STK023,-0.04294108295674488
2024-05-22,STK024,0.9533035516427811
2024-05-22,STK026,-0.5145988392841486
2024-05-22,STK027,-0.6775091168806363
2024-05-22,STK028,-2.0605289471243124
2024-05-22,STK029,1.2870922599469117
2024-05-22,STK030,-0.6416324391380163
2024-05-22,STK031,-0.8014387797551964
2024-05-22,STK032,-1.1799716816126755
2024-05-22,STK033,-0.20435943653628302
2024-05-22,STK034,1.7634923105597426
2024-05-22,STK035,2.0937788508227175
2024-05-22,STK036,-1.6608668758020833
2024-05-22,STK039,0.9883377412115197
2024-05-22,STK040,0.2865935472939267
2024-05-22,STK041,-0.636569327379835
2024-05-22,STK042,0.072573080591019
2024-05-22,STK043,-0.4774186214077085
2024-05-22,STK044,1.6142460943748966
2024-05-22,STK045,0.5469595150160383
2024-05-22,STK046,0.669823420916438
2024-05-22,STK047,-2.6669174780328975
2024-05-22,STK048,-0.06678867882881083
2024-05-22,STK049,2.083210959059034
2024-05-22,STK050,1.3261290700366843
2024-05-22,STK051,-1.8470895859203031
2024-05-22,STK052,-0.3134258326835941
2024-05-22,STK053,-1.2015194659187214
2024-05-22,STK054,1.7111015603628703
2024-05-22,STK055,0.2442782822759085
2024-05-22,STK056,-0.767795559731436
2024-05-22,STK057,0.03415794354078901
2024-05-22,STK058,-2.607365529068484
2024-05-22,STK059,-1.0849613034565766
2024-05-23,STK000,0.03644372582630957
2024-05-23,STK001,0.8456753684533224
2024-05-23,STK002,-1.9413141205973408
2024-05-23,STK003,-0.38115530770242934
2024-05-23,STK004,1.0096857385188218
2024-05-23,STK005,-1.4514533243732721
2024-05-23,STK006,0.2291828347841731
2024-05-23,STK007,0.06597450310600346
2024-05-23,STK008,1.7143803203566024
2024-05-23,STK010,-0.17160059837507027
2024-05-23,STK011,0.8549597531646885
2024-05-23,STK012,-1.3263486680493446
2024-05-23,STK013,-0.22088320655085864
2024-05-23,STK014,-0.45572501084051054
2024-05-23,STK015,-0.13891181270510022
2024-05-23,STK016,0.848406448962838
2024-05-23,STK017,0.5541614850821731
2024-05-23,STK018,-0.7486823085286762
2024-05-23,STK020,1.4904416141005241
2024-05-23,STK021,-0.8313656987973053
2024-05-23,STK023,-0.19316067693862857
2024-05-23,STK024,-0.06300501583677695
2024-05-23,STK025,-1.6306576222494007
2024-05-23,STK026,1.4107628543122044
2024-05-23,STK027,-0.7743519008881833
2024-05-23,STK029,-0.6213766080475112
2024-05-23,STK030,-0.6255046518957602
2024-05-23,STK031,1.2131232504654668
2024-05-23,STK032,0.9938846034779243
2024-05-23,STK033,0.20866589896398288
2024-05-23,STK034,0.7611505498063198
2024-05-23,STK035,-0.28855278025639997
2024-05-23,STK036,-0.008367627718889919
2024-05-23,STK037,-0.6616243924638191
2024-05-23,STK039,-0.6934133311673524
2024-05-23,STK040,1.4851563449378529
2024-05-23,STK043,0.7587280206543343
2024-05-23,STK044,0.023864421189582014
2024-05-23,STK046,-0.03002344780847147
2024-05-23,STK047,0.8938183535575839
2024-05-23,STK049,-0.12623700727326478
2024-05-23,STK051,0.8645851955276563
2024-05-23,STK052,-0.09984537387143656
2024-05-23,STK053,1.808299094493722
2024-05-23,STK054,-0.1565385777150951
2024-05-23,STK055,-0.23768363840527992
2024-05-23,STK056,-0.17103212161773174
2024-05-23,STK057,-1.3166414286580101
2024-05-23,STK058,-1.036726846758685
2024-05-23,STK059,-0.5306668897390933
2024-05-24,STK000,1.1358298488501297
2024-05-24,STK001,-0.03312605936201012
2024-05-24,STK002,-0.48464418961570654
2024-05-24,STK003,1.2265347456065954
2024-05-24,STK004,1.5511771328922608
2024-05-24,STK005,1.2553824609077604
2024-05-24,STK006,-0.8530899972351577
2024-05-24,STK007,-0.49524862019365573
2024-05-24,STK008,1.813736070314719
2024-05-24,STK009,0.24113969200002205
2024-05-24,STK010,-0.26762706489607857
2024-05-24,STK011,0.7183479613308372
2024-05-24,STK012,1.0072990673581124
2024-05-24,STK013,-0.5714495709282644
2024-05-24,STK014,0.21943995861993149
2024-05-24,STK015,0.9265600692170585
2024-05-24,STK018,-1.1143896530507154
2024-05-24,STK019,-0.9835804969268109
2024-05-24,STK020,-0.5631000774803041
2024-05-24,STK021,0.47711953787947037
2024-05-24,STK022,-0.32202262863813463
2024-05-24,STK023,-0.6484181249684061
2024-05-24,STK024,0.051554563324959245
2024-05-24,STK025,-1.1469627282664296
2024-05-24,STK026,0.4288032178339101
2024-05-24,STK027,1.13138676195831
2024-05-24,STK028,-0.07920404098801156
2024-05-24,STK029,-0.2026489933002083
2024-05-24,STK030,0.3734403532155694
2024-05-24,STK031,-2.028469418831545
2024-05-24,STK033,3.1018858037448633
2024-05-24,STK034,-0.12267622111472039
2024-05-24,STK035,-0.11912503371633071
2024-05-24,STK036,0.7436070000996834
2024-05-24,STK037,1.645332668197962
2024-05-24,STK038,0.974967844434135
2024-05-24,STK039,-2.1556068785835505
2024-05-24,STK040,0.5633988376627469
2024-05-24,STK041,2.5719301452416747
2024-05-24,STK042,0.6224410467594651
2024-05-24,STK043,-1.1546019132717495
2024-05-24,STK044,0.281829624418614
2024-05-24,STK046,1.2328036892688596
2024-05-24,STK047,-0.9558825880279255
2024-05-24,STK048,0.07424363469202304
2024-05-24,STK049,-0.8577800019918477
2024-05-24,STK050,-0.546448057547991
2024-05-24,STK051,1.486150645860495
2024-05-24,STK052,0.1034571648936973
2024-05-24,STK053,-0.5592024737257201
2024-05-24,STK054,-1.1452279708867228
2024-05-24,STK056,-1.2512806335226867
2024-05-24,STK057,0.11195924144437792
2024-05-24,STK058,0.9802337687226637
2024-05-24,STK059,-0.5603514924222011
2024-05-27,STK000,1.5705436007190146
2024-05-27,STK001,-0.7175004222282269
2024-05-27,STK002,-0.2380117228798793
2024-05-27,STK003,-1.079576720337252
2024-05-27,STK004,0.9907617345678559
2024-05-27,STK005,2.097510614044568
2024-05-27,STK006,-1.7618169609361978
2024-05-27,STK007,-0.3461620686346983
2024-05-27,STK008,1.264779847050035
2024-05-27,STK009,-1.4469455214256013
2024-05-27,STK010,0.5666839069710864
2024-05-27,STK011,1.2214722002075706
2024-05-27,STK012,0.07822881435683716
2024-05-27,STK013,0.5502630709401326
2024-05-27,STK014,1.7609023861276074
2024-05-27,STK015,1.9484265541011465
2024-05-27,STK016,-0.06196721303448301
2024-05-27,STK017,-0.5323778492992332
2024-05-27,STK018,-0.9199801110736965
2024-05-27,STK019,0.9769641504287125
2024-05-27,STK020,-1.3717755577909683
2024-05-27,STK021,-0.25257403799120237
2024-05-27,STK022,0.10268977095446595
2024-05-27,STK023,-0.5030025127187545
2024-05-27,STK024,0.2798202650191239
2024-05-27,STK025,2.564513318292758
2024-05-27,STK026,-0.12159859034654243
2024-05-27,STK027,-0.43540562742738964
2024-05-27,STK028,1.0153318243818528
2024-05-27,STK029,0.23958364414552194
2024-05-27,STK030,1.4393357712113763
2024-05-27,STK031,0.1646876198197184
2024-05-27,STK032,-0.2484232079710333
2024-05-27,STK033,-1.7837248880945553
2024-05-27,STK035,-1.8356986904271027
2024-05-27,STK036,0.37933916628423964
2024-05-27,STK037,-1.3622494798674596
2024-05-27,STK038,1.255577365919383
2024-05-27,STK041,-0.8438550752043381
2024-05-27,STK042,0.6222587482702062
2024-05-27,STK043,-0.8044978195424114
2024-05-27,STK044,-0.9853780040698807
2024-05-27,STK045,1.1883499206053487
2024-05-27,STK046,0.3546211607750226
2024-05-27,STK047,-0.23492942824827223
2024-05-27,STK048,0.6414329847337166
2024-05-27,STK049,0.008931873110698613
2024-05-27,STK050,0.38301315045168366
2024-05-27,STK052,2.0703986089106223
2024-05-27,STK053,-0.579619967676225
2024-05-27,STK054,1.5560163269499772
2024-05-27,STK055,-0.18886884930447648
2024-05-27,STK056,0.8070971156549623
2024-05-27,STK057,0.7342234990261364
2024-05-27,STK058,1.1468517551500457
2024-05-27,STK059,-0.8406237071641448
2024-05-28,STK000,1.075635401278862
2024-05-28,STK001,1.8464398509114404
2024-05-28,STK003,0.034706067142122404
2024-05-28,STK004,-0.5234466424801542
2024-05-28,STK005,-0.34643625218509994
2024-05-28,STK006,1.7114227989324904
2024-05-28,STK007,-1.0042345261302041
2024-05-28,STK008,-0.942118821850772
2024-05-28,STK009,1.610900936414377
2024-05-28,STK010,0.6245484258883623
2024-05-28,STK011,2.1203702490425242
2024-05-28,STK012,-0.45043863782585325
2024-05-28,STK014,-0.6606769437718044
2024-05-28,STK015,0.14330116864769596
2024-05-28,STK017,0.6849545566550082
2024-05-28,STK018,0.3234740834923381
2024-05-28,STK019,-0.057554662465918886
2024-05-28,STK020,-0.39036432459966475
2024-05-28,STK021,-0.8947539873680995
2024-05-28,STK022,0.7277129120327611
2024-05-28,STK023,-1.1710899857034065
2024-05-28,STK024,0.5118959120492431
2024-05-28,STK025,2.0744513948094574
2024-05-28,STK026,1.4855214886442982
2024-05-28,STK027,-1.5051279426706532
2024-05-28,STK028,-0.5367380603433028
2024-05-28,STK029,0.4214507405553377
2024-05-28,STK030,-0.07028192201435018
2024-05-28,STK031,-1.399405718282421
2024-05-28,STK032,0.3853159514734912
2024-05-28,STK033,-0.010016895116299348
2024-05-28,STK034,1.9143254086037818
2024-05-28,STK035,-0.2532287026174467
2024-05-28,STK036,1.168003385326591
2024-05-28,STK037,-1.2670884031299756
2024-05-28,STK038,-1.0280092978965083
2024-05-28,STK039,0.72166195980949
2024-05-28,STK040,1.0837307806073746
2024-05-28,STK041,-0.9573927260743923
2024-05-28,STK042,0.02407740648391172
2024-05-28,STK043,-1.3815791735290779
2024-05-28,STK044,-0.1812198263054794
2024-05-28,STK045,0.8369227856241259
2024-05-28,STK046,-0.4349584991361448
2024-05-28,STK047,-0.2490347059438028
2024-05-28,STK048,-1.1297953982960518
2024-05-28,STK049,-0.6483584136249257
2024-05-28,STK050,1.7581109162143385
2024-05-28,STK051,0.07292489171713287
2024-05-28,STK053,-0.3147719499179916
2024-05-28,STK054,-1.5974276211665621
2024-05-28,STK055,-1.0141596921402123
2024-05-28,STK056,1.3603397390464533
2024-05-28,STK057,-0.14248242438660505
2024-05-28,STK058,1.890730176101206
2024-05-28,STK059,-0.09534783849605591
2024-05-29,STK000,-0.035978696191495935
2024-05-29,STK001,0.6408941585421234
2024-05-29,STK002,-2.672587582219401
2024-05-29,STK003,0.20493932365357484
2024-05-29,STK004,-0.04898648806095168
2024-05-29,STK006,0.9646793941636173
2024-05-29,STK007,-1.1336916855468007
2024-05-29,STK008,1.2421386186275805
2024-05-29,STK009,-0.26231452558099516
2024-05-29,STK010,-0.9044532262960451
2024-05-29,STK011,0.1971032508712023
2024-05-29,STK012,-0.2027693556638182
2024-05-29,STK013,1.5384653140285238
2024-05-29,STK014,0.3406220284912099
2024-05-29,STK015,0.2056589208860058
2024-05-29,STK016,0.9006470828554398
2024-05-29,STK017,1.092871618092712
2024-05-29,STK018,0.7836050942972992
2024-05-29,STK019,1.4194634728149536
2024-05-29,STK020,0.6086824129137884
2024-05-29,STK021,0.1676514647267018
2024-05-29,STK023,-0.09089614008213873
2024-05-29,STK024,0.033246516344661574
2024-05-29,STK025,1.7215769172969146
2024-05-29,STK026,1.6219241279552312
2024-05-29,STK027,-0.008175806923322827
2024-05-29,STK028,-0.45355157730561674
2024-05-29,STK029,1.4631735002084985
2024-05-29,STK030,0.8004183579152141
2024-05-29,STK031,0.315581254197363
2024-05-29,STK032,-0.32187271018994457
2024-05-29,STK033,0.3316965787145939
2024-05-29,STK034,-0.02170845988770261
2024-05-29,STK036,0.12904232858723516
2024-05-29,STK037,0.2654240456396075
2024-05-29,STK038,-0.375395066920231
2024-05-29,STK039,0.9038256886095176
2024-05-29,STK040,1.288832392310989
2024-05-29,STK041,0.9698976936554127
2024-05-29,STK042,-0.27624838521399475
2024-05-29,STK043,0.7558215041883719
2024-05-29,STK044,0.07796139746004017
2024-05-29,STK045,-1.2357459785659517
2024-05-29,STK046,0.6727293784977457
2024-05-29,STK047,0.14613164095694817
2024-05-29,STK048,2.5935480020693076
2024-05-29,STK049,1.45727086327856
2024-05-29,STK050,0.7111501569345241
2024-05-29,STK052,0.16372225505801816
2024-05-29,STK053,-1.0036894036331077
2024-05-29,STK054,-1.7389872271999107
2024-05-29,STK055,-0.8725591090815651
2024-05-29,STK056,-0.047717018170430385
2024-05-29,STK057,-2.105539278208984
2024-05-29,STK058,-0.5443217922727491
2024-05-29,STK059,-0.24761303312442595
2024-05-30,STK000,-0.21542655348545797
2024-05-30,STK001,-0.6617235981881447
2024-05-30,STK002,-0.3415138143814004
2024-05-30,STK003,1.7238938281238618
2024-05-30,STK004,0.662145281490603
2024-05-30,STK005,-0.5603007768981497
2024-05-30,STK006,-0.06834778836196333
2024-05-30,STK007,-0.0283133356522669
2024-05-30,STK008,-0.7679554337401511
2024-05-30,STK009,-0.7691302177438546
2024-05-30,STK010,1.010524020326713
2024-05-30,STK011,-0.419784377516816
2024-05-30,STK012,-1.0946963870308715
2024-05-30,STK013,-0.04314034406944269
2024-05-30,STK014,0.1180097531291236
2024-05-30,STK015,-1.9727042241938353
2024-05-30,STK016,-0.04074635781719302
2024-05-30,STK017,0.8679799343482604
2024-05-30,STK019,2.229795115194971
2024-05-30,STK020,1.251109482312179
2024-05-30,STK021,1.4489340247508535
2024-05-30,STK022,2.8000859359143266
2024-05-30,STK023,0.7581562617745978
2024-05-30,STK024,0.16307020793270105
2024-05-30,STK025,0.973740293431332
2024-05-30,STK026,-0.5592364333949937
2024-05-30,STK027,0.10768631949496932
2024-05-30,STK028,-0.6477276430783137
2024-05-30,STK029,0.39798455756288165
2024-05-30,STK030,-0.6519090880198202
2024-05-30,STK031,-0.6869284998617177
2024-05-30,STK032,0.4134732931055044
2024-05-30,STK033,-0.13771144078056718
2024-05-30,STK034,-1.927521135716747
2024-05-30,STK035,-1.4555569213120896
2024-05-30,STK036,-1.1472664914614634
2024-05-30,STK037,-0.8829719061139744
2024-05-30,STK038,0.4144233294786382
2024-05-30,STK039,0.21893884707163588
2024-05-30,STK040,1.065279371699199
2024-05-30,STK042,1.0719029561826579
2024-05-30,STK043,0.6083961914591229
2024-05-30,STK045,1.0993517422876555
2024-05-30,STK046,0.9194127917400996
2024-05-30,STK047,0.3760953675539912
2024-05-30,STK048,1.2710718708601423
2024-05-30,STK050,-0.29046317414044986
2024-05-30,STK051,-0.305790465651731
2024-05-30,STK052,1.1526828774815703
2024-05-30,STK053,1.5713949969507695
2024-05-30,STK055,1.411167174149276
2024-05-30,STK056,-1.171445186026269
2024-05-30,STK057,-1.1412152455608227
2024-05-30,STK058,-0.2342857023273647
2024-05-30,STK059,-0.3182064721325846
2024-05-31,STK000,-1.5584172797168765
2024-05-31,STK001,0.6498779734925669
2024-05-31,STK002,0.6794024247266021
2024-05-31,STK003,1.0540415961636707
2024-05-31,STK005,-0.039582714972448675
2024-05-31,STK006,-0.030427164902642686
2024-05-31,STK007,1.6879954414684644
2024-05-31,STK008,-2.834244782633218
2024-05-31,STK009,-0.9569443489891034
2024-05-31,STK010,0.005540842791797656
2024-05-31,STK011,-1.085570234915503
2024-05-31,STK012,-0.2583203572711174
2024-05-31,STK013,-0.12607553636990937
2024-05-31,STK014,-0.6576861087924688
2024-05-31,STK015,0.06446892610267248
2024-05-31,STK016,0.6281492777578134
2024-05-31,STK017,-0.23626644503100197
2024-05-31,STK018,-0.45319473396873566
2024-05-31,STK019,-0.16576491665387216
2024-05-31,STK021,-1.740319565334422
2024-05-31,STK022,0.46155391796127865
2024-05-31,STK023,-0.4510012294467944
2024-05-31,STK024,1.2615350748110512
2024-05-31,STK025,0.5910534756424747
2024-05-31,STK026,1.1700664042196551
2024-05-31,STK027,-1.0110037937149083
2024-05-31,STK028,-0.37138664118742654
2024-05-31,STK029,-1.2424584874574092
2024-05-31,STK031,1.2521054245085916
2024-05-31,STK032,1.4874905779224952
2024-05-31,STK033,-1.1481332948044598
2024-05-31,STK034,-0.45827766831728356
2024-05-31,STK035,-0.07619567202394918
2024-05-31,STK036,0.5856056418097813
2024-05-31,STK037,-1.7598102635364925
2024-05-31,STK039,0.4896261438724024
2024-05-31,STK040,-1.9490385689179244
2024-05-31,STK041,-0.44679740613887026
2024-05-31,STK042,0.16209180855884073
2024-05-31,STK043,0.4156659699331173
2024-05-31,STK044,-0.14171809554383202
2024-05-31,STK045,-0.3657567190475306
2024-05-31,STK046,0.8445708597164794
2024-05-31,STK047,0.28520592636575753
2024-05-31,STK048,-0.6470166219514599
2024-05-31,STK050,0.3831690226561928
2024-05-31,STK051,1.7182372414513813
2024-05-31,STK053,1.2145568559539437
2024-05-31,STK054,-0.61060739629963
2024-05-31,STK056,-0.2353799928129901
2024-05-31,STK057,-0.143572646638164
2024-05-31,STK058,-1.0080249578028904
2024-05-31,STK059,1.2659336265568182
2024-06-03,STK000,0.883351637758792
2024-06-03,STK001,-0.3056778613015072
2024-06-03,STK002,0.6417106490138536
2024-06-03,STK003,0.2228991630038379
2024-06-03,STK004,0.7198279809313747
2024-06-03,STK006,-0.14566107319743485
2024-06-03,STK007,-0.05803852790579535
2024-06-03,STK008,0.6236420996116513
2024-06-03,STK009,-0.6284376011821333
2024-06-03,STK010,-2.4999307240823962
2024-06-03,STK011,-1.0816997176829206
2024-06-03,STK014,1.6837481226249844
2024-06-03,STK015,0.582746440658099
2024-06-03,STK016,0.08153027923148934
2024-06-03,STK017,-0.032391276781437675
2024-06-03,STK018,1.104183382169693
2024-06-03,STK019,-0.5901104521574382
2024-06-03,STK020,-0.14028378774059883
2024-06-03,STK021,-1.0892581201383016
2024-06-03,STK022,1.418906048695304
2024-06-03,STK023,0.3924989370016137
2024-06-03,STK025,-0.11445501031830795
2024-06-03,STK026,0.5096507632062802
2024-06-03,STK029,-0.6542736859843314
2024-06-03,STK030,0.3389618992411148
2024-06-03,STK031,-0.3580542792106851
2024-06-03,STK032,-0.45375773476274617
2024-06-03,STK033,-1.3360617550554057
2024-06-03,STK034,0.07764057652716963
2024-06-03,STK035,-0.1812234387919082
2024-06-03,STK036,-0.3216483486419647
2024-06-03,STK037,0.19877067748871843
2024-06-03,STK038,0.7480022627358979
2024-06-03,STK039,0.7015654719404685
2024-06-03,STK040,0.5527285008997627
2024-06-03,STK041,-0.24067027863572127
2024-06-03,STK042,-0.5669983359412419
2024-06-03,STK043,-1.0439156413224373
2024-06-03,STK045,0.019650095136569568
2024-06-03,STK047,0.09605713911744292
2024-06-03,STK048,-0.9654566779118643
2024-06-03,STK050,0.819406120864795
2024-06-03,STK051,-0.47441459536584457
2024-06-03,STK052,-0.8370336532238911
2024-06-03,STK053,-1.0938471412974384
2024-06-03,STK054,0.42303597473040044
2024-06-03,STK055,1.3749077114679673
2024-06-03,STK056,-0.4030738610061444
2024-06-03,STK057,-0.21556337466258174
2024-06-03,STK058,1.0716318398890723
2024-06-03,STK059,-1.8104457043583122
2024-06-04,STK000,1.966868642912667
2024-06-04,STK001,2.4441003023263694
2024-06-04,STK002,-2.706337529420083
2024-06-04,STK003,-0.097503228916757
2024-06-04,STK004,-0.7189470318695635
2024-06-04,STK005,-0.26477177090473386
2024-06-04,STK006,-0.4183850696159234
2024-06-04,STK007,0.8117590984793583
2024-06-04,STK008,-0.1125699069679908
2024-06-04,STK009,-0.9109072141999566
2024-06-04,STK010,-0.17218516129512423
2024-06-04,STK011,0.5147842369624097
2024-06-04,STK012,-1.1837213277652818
2024-06-04,STK014,1.99274280083532
2024-06-04,STK015,-0.6424266797084363
2024-06-04,STK016,-0.13735298691952277
2024-06-04,STK017,-0.39779540582557266
2024-06-04,STK018,0.548087704082142
2024-06-04,STK019,1.7727899230910438
2024-06-04,STK020,0.5799338417292843
2024-06-04,STK021,-1.518365147539991
2024-06-04,STK023,-0.3989647753269165
2024-06-04,STK024,-0.2682331995332666
2024-06-04,STK025,-1.7219512695466006
2024-06-04,STK026,0.8193409201744406
2024-06-04,STK027,-1.0863205578814785
2024-06-04,STK028,1.4933015621257555
2024-06-04,STK029,1.8206325972057207
2024-06-04,STK030,-0.24825353263217734
2024-06-04,STK031,0.4389726404181848
2024-06-04,STK032,-1.2319472220842016
2024-06-04,STK033,0.6236763264791144
2024-06-04,STK034,-0.49819242343437004
2024-06-04,STK035,-1.0872353215883535
2024-06-04,STK036,-0.2893349882529842
2024-06-04,STK037,-0.46574800840536296
2024-06-04,STK038,-0.32515940300375434
2024-06-04,STK039,0.949679902816359
2024-06-04,STK040,-0.7853075926357327
2024-06-04,STK041,1.735022999773876
2024-06-04,STK042,-1.3250596328253537
2024-06-04,STK044,-1.0165106219066937
2024-06-04,STK045,-0.0010132325366156636
2024-06-04,STK046,-0.4901961134780198
2024-06-04,STK048,0.8013572363555488
2024-06-04,STK049,1.4998267972288106
2024-06-04,STK050,1.190524704955642
2024-06-04,STK051,-0.40485633234184776
2024-06-04,STK052,0.18425522240455336
2024-06-04,STK053,-0.7820778736683621
2024-06-04,STK054,-0.9915503125746948
2024-06-04,STK055,-1.1463009057286688
2024-06-04,STK056,-0.4375733069841293
2024-06-04,STK057,0.24960563101494201
2024-06-04,STK058,-1.9118151597515047
2024-06-04,STK059,-0.046353702580765745
2024-06-05,STK000,1.5160251245495246
2024-06-05,STK001,1.1219110690741252
2024-06-05,STK002,-0.5851840765266658
2024-06-05,STK003,-1.396872909282786
2024-06-05,STK004,0.4598303064648266
2024-06-05,STK005,-2.3174282502075
2024-06-05,STK006,1.1101541158826773
2024-06-05,STK008,1.8313003205774008
2024-06-05,STK009,-1.7269654855764658
2024-06-05,STK010,0.9181462252078333
2024-06-05,STK011,-0.10050883681419848
2024-06-05,STK013,-1.3698434652121445
2024-06-05,STK014,0.5957479067117164
2024-06-05,STK015,0.6761373847768578
2024-06-05,STK017,1.0080502628605923
2024-06-05,STK018,-0.593895328955735
2024-06-05,STK019,-1.0038625836175148
2024-06-05,STK020,-1.3684914335223863
2024-06-05,STK021,1.4732243456394702
2024-06-05,STK022,-0.778174284277866
2024-06-05,STK024,0.5250720408620666
2024-06-05,STK025,0.3299028815939605
2024-06-05,STK027,0.6606729130022508
2024-06-05,STK028,-0.015470762836802118
2024-06-05,STK029,-0.36921329146881043
2024-06-05,STK030,0.6960047866482002
2024-06-05,STK031,-0.14397210922113055
2024-06-05,STK032,-0.7983347787388269
2024-06-05,STK033,0.5998267754606512
2024-06-05,STK034,-0.06398565562856524
2024-06-05,STK035,0.4889100117578045
2024-06-05,STK036,-0.45385985835418646
2024-06-05,STK037,-1.209121304680956
2024-06-05,STK038,1.7350739625142755
2024-06-05,STK039,1.5466114107635742
2024-06-05,STK040,0.8837849612619612
2024-06-05,STK041,-0.3878106853742732
2024-06-05,STK042,-0.3003179731610725
2024-06-05,STK043,1.3823274458964647
2024-06-05,STK044,-0.3538300375674132
2024-06-05,STK046,1.8722346756364532
2024-06-05,STK047,-0.04767768161387231
2024-06-05,STK048,1.7684253285138456
2024-06-05,STK049,-1.398391910690002
2024-06-05,STK050,0.5181848827845018
2024-06-05,STK051,2.071082599216615
2024-06-05,STK052,0.029750744658861888
2024-06-05,STK053,-0.2640044922677962
2024-06-05,STK054,-1.1677519175984197
2024-06-05,STK055,1.0823430544352473
2024-06-05,STK056,-0.7701280826406874
2024-06-05,STK057,-0.09480855938998854
2024-06-05,STK058,-1.2345022797926115
2024-06-05,STK059,1.5568946000974326
2024-06-06,STK000,1.1548853107256827
2024-06-06,STK001,-0.031584749213130925
2024-06-06,STK002,-1.154148935586928
2024-06-06,STK003,1.535907049242632
2024-06-06,STK004,-0.36593172704714716
2024-06-06,STK005,-1.1052048408175186
2024-06-06,STK006,-1.762118012472544
2024-06-06,STK007,-0.6459651318937749
2024-06-06,STK008,-1.4546381225299396
2024-06-06,STK009,-0.6228208365228246
2024-06-06,STK010,0.7444087336977152
2024-06-06,STK011,-0.3754001639752333
2024-06-06,STK013,-0.7233346595322319
2024-06-06,STK014,0.06516906636423135
2024-06-06,STK015,1.920900822086021
2024-06-06,STK016,-0.3484860780268965
2024-06-06,STK017,0.38442943761965875
2024-06-06,STK018,-1.5655272274684384
2024-06-06,STK019,1.5201061224168706
2024-06-06,STK020,-0.47720662894486526
2024-06-06,STK021,1.050533649906501
2024-06-06,STK022,-0.12318029575890527
2024-06-06,STK023,0.6115793650208063
2024-06-06,STK025,-0.452440339512717
2024-06-06,STK026,1.091906435761852
2024-06-06,STK027,-0.7589848639930996
2024-06-06,STK028,0.7779342200275429
2024-06-06,STK029,-0.390205294166531
2024-06-06,STK030,0.3495579486320601
2024-06-06,STK031,-0.46199300235426094
2024-06-06,STK032,0.04997597470659558
2024-06-06,STK033,-1.074693701691767
2024-06-06,STK034,0.24755698468879414
2024-06-06,STK036,-0.5401535540724726
2024-06-06,STK037,-0.05502796639029617
2024-06-06,STK038,0.1340044761679099
2024-06-06,STK039,-0.6163570532651123
2024-06-06,STK043,1.059118660208185
2024-06-06,STK044,0.2730941056315511
2024-06-06,STK046,-1.9792524766837778
2024-06-06,STK047,-2.557679737834006
2024-06-06,STK048,-0.3992910617499062
2024-06-06,STK050,-0.23660552444832925
2024-06-06,STK051,0.20565664059489883
2024-06-06,STK052,0.9204144983406113
2024-06-06,STK053,-1.1382639842752136
2024-06-06,STK054,0.3996306861600717
2024-06-06,STK055,0.014389693152232522
2024-06-06,STK058,1.38313513986212
2024-06-06,STK059,-0.10350864842972622
2024-06-07,STK000,1.7741822235037688
2024-06-07,STK001,-0.7903886536822237
2024-06-07,STK002,0.7428273399555535
2024-06-07,STK003,-0.05966848056052859
2024-06-07,STK004,-0.32774241666676374
2024-06-07,STK005,0.6323153404675466
2024-06-07,STK006,-0.29917347918958953
2024-06-07,STK007,-2.661965337157328
2024-06-07,STK008,-3.0628681231743076
2024-06-07,STK009,1.272422160284049
2024-06-07,STK010,1.2302584578796958
2024-06-07,STK011,1.8873409462559467
2024-06-07,STK012,-0.017528248282177424
2024-06-07,STK013,-1.2926348019978913
2024-06-07,STK014,-0.41958384265100146
2024-06-07,STK015,0.011424515361312802
2024-06-07,STK016,-1.0070382242851093
2024-06-07,STK017,1.6485747229738668
2024-06-07,STK018,2.239502879643737
2024-06-07,STK019,0.47828070073017764
2024-06-07,STK020,-0.010863746698195903
2024-06-07,STK021,-1.2949669784744322
2024-06-07,STK022,1.5464338961560513
2024-06-07,STK023,0.07630681084904649
2024-06-07,STK024,-0.28916439841061226
2024-06-07,STK025,0.48117408867453765
2024-06-07,STK026,-0.5857115289891855
2024-06-07,STK028,-1.44246685084566
2024-06-07,STK029,1.087087189252434
2024-06-07,STK030,-0.1044110411356732
2024-06-07,STK031,1.1588008606340119
2024-06-07,STK032,-0.2011361778416194
2024-06-07,STK033,-0.13619970878397838
2024-06-07,STK034,-1.2123174282919575
2024-06-07,STK035,0.7597569730181432
2024-06-07,STK036,-0.8758399540230916
2024-06-07,STK037,-0.4864223731992286
2024-06-07,STK038,0.001047186082536809
2024-06-07,STK039,0.12122418368935654
2024-06-07,STK040,-1.706096940217759
2024-06-07,STK042,0.7952302186437133
2024-06-07,STK043,-0.3783380345239026
2024-06-07,STK045,0.16240605084272658
2024-06-07,STK046,-0.12596043254699904
2024-06-07,STK047,-1.0305155023876045
2024-06-07,STK048,-0.03634612366690454
2024-06-07,STK049,0.9940731700058961
2024-06-07,STK050,-1.0511759472670905
2024-06-07,STK051,-0.374481889485818
2024-06-07,STK053,0.941381950490345
2024-06-07,STK054,-0.09235820683787886
2024-06-07,STK055,-0.8501996336058633
2024-06-07,STK056,0.09226560014317738
2024-06-07,STK057,-1.2036002148954528
2024-06-07,STK058,-1.0334955314604064
2024-06-07,STK059,-1.4601335298517806
2024-06-10,STK000,-1.0667792375574
2024-06-10,STK001,1.3573375839998063
2024-06-10,STK002,-0.733118331282596
2024-06-10,STK003,0.4662251226514788
2024-06-10,STK004,-0.8363014199559217
2024-06-10,STK005,0.7595337457632192
2024-06-10,STK006,-1.0260820009313156
2024-06-10,STK007,0.03922792776175646
2024-06-10,STK008,0.05285130986894881
2024-06-10,STK009,2.3278053364265916
2024-06-10,STK010,0.6304252879801651
2024-06-10,STK011,-0.5929040143292734
2024-06-10,STK012,0.6850489636505139
2024-06-10,STK014,-1.629636090484295
2024-06-10,STK015,-0.8424820425687267
2024-06-10,STK017,-0.41708822714195104
2024-06-10,STK018,-0.3327566983298747
2024-06-10,STK019,-1.304232265593243
2024-06-10,STK020,1.4039560535500122
2024-06-10,STK021,-1.4226085984766192
2024-06-10,STK022,-0.20021280962249907
2024-06-10,STK023,1.0458305917606978
2024-06-10,STK024,-0.03018485714585262
2024-06-10,STK025,-0.979394166902769
2024-06-10,STK026,-1.3486756563739577
2024-06-10,STK028,-0.7570295658504664
2024-06-10,STK029,0.20523109170297799
2024-06-10,STK030,-1.4014511477241796
2024-06-10,STK031,0.8130357368876219
2024-06-10,STK032,0.11554952316446464
2024-06-10,STK033,0.189836394352477
2024-06-10,STK034,1.441076778240017
2024-06-10,STK035,-0.43779549837186593
2024-06-10,STK036,-0.725816694733224
2024-06-10,STK037,-0.5477636283468732
2024-06-10,STK038,-0.19252656952325795
2024-06-10,STK039,-0.09096489479132862
2024-06-10,STK040,-0.8306977366017732
2024-06-10,STK041,-2.023085253033059
2024-06-10,STK042,-0.5609290008790382
2024-06-10,STK043,0.35982566628688983
2024-06-10,STK045,1.199554469825827
2024-06-10,STK046,1.9554865439637885
2024-06-10,STK047,0.7593337714584683
2024-06-10,STK048,1.382520642408226
2024-06-10,STK049,0.76677429226312
2024-06-10,STK051,1.8508536342912676
2024-06-10,STK052,0.9511651707789268
2024-06-10,STK053,0.7063801464245854
2024-06-10,STK054,-0.20523217193736742
2024-06-10,STK055,-0.041337280963909824
2024-06-10,STK056,-0.3378373313502621
2024-06-10,STK057,0.6212516108950558
2024-06-10,STK058,-0.7203480373593485
2024-06-10,STK059,-0.19110620977990994
2024-06-11,STK000,-2.3551698851783
2024-06-11,STK001,1.7230898947725095
2024-06-11,STK002,-0.2204745825863184
2024-06-11,STK003,0.4555804373365769
2024-06-11,STK004,1.4577866947114024
2024-06-11,STK005,0.3002934374411798
2024-06-11,STK006,1.4443437020934313
2024-06-11,STK007,-1.241737812151367
2024-06-11,STK008,2.397376589597702
2024-06-11,STK009,1.0871101984887657
2024-06-11,STK010,0.20920249248664097
2024-06-11,STK011,1.4250793326254454
2024-06-11,STK012,-1.168634885989372
2024-06-11,STK013,-0.2886148787694938
2024-06-11,STK014,1.4442503964023794
2024-06-11,STK015,-1.8670601808949647
2024-06-11,STK016,0.5604577749588049
2024-06-11,STK017,0.5321761598451539
2024-06-11,STK018,1.9692258168221626
2024-06-11,STK019,-1.5829554197222364
2024-06-11,STK020,1.6096310570316332
2024-06-11,STK021,-0.5594707431489028
2024-06-11,STK022,-0.4470094599118548
2024-06-11,STK023,-1.2220043869597932
2024-06-11,STK026,-1.1123319147813555
2024-06-11,STK028,-0.6629660469697535
2024-06-11,STK029,-1.2130338058486476
2024-06-11,STK030,-0.5278091463598945
2024-06-11,STK031,0.3367071917563058
2024-06-11,STK032,-0.2773532619310194
2024-06-11,STK033,0.03421011833279838
2024-06-11,STK034,0.696207461836084
2024-06-11,STK035,1.0824214516169486
2024-06-11,STK037,-1.0442220155761586
2024-06-11,STK038,0.07609447892251621
2024-06-11,STK039,0.47064958610407176
2024-06-11,STK040,-1.4607253059719505
2024-06-11,STK041,-0.890608297007585
2024-06-11,STK042,-0.7191868959629409
2024-06-11,STK043,-0.20782218872037653
2024-06-11,STK044,-0.7610339036267858
2024-06-11,STK045,0.7070407250968996
2024-06-11,STK046,-1.6051332014584174
2024-06-11,STK047,-1.5797186971944246
2024-06-11,STK049,-0.17565280413985668
2024-06-11,STK050,-1.4546438728581037
2024-06-11,STK051,-0.6067488426475648
2024-06-11,STK052,-0.4010438174190893
2024-06-11,STK054,0.15188148328929144
2024-06-11,STK055,-0.6615788844235619
2024-06-11,STK056,1.4778363000082735
2024-06-11,STK057,0.48820463973357225
2024-06-11,STK058,-0.8071135206413219
2024-06-11,STK059,0.09451149336757297
2024-06-12,STK000,0.12401531860560501
2024-06-12,STK001,1.214721474497781
2024-06-12,STK002,-0.6003824289163511
2024-06-12,STK003,0.7673386977205734
2024-06-12,STK004,0.041854475782477606
2024-06-12,STK005,1.4915665164487661
2024-06-12,STK006,1.290891452639408
2024-06-12,STK007,0.19697930459260035
2024-06-12,STK008,-0.26228262101606054
2024-06-12,STK009,0.5066059096794557
2024-06-12,STK011,1.680307105978335
2024-06-12,STK012,0.07847007817701199
2024-06-12,STK013,-0.4056426325128372
2024-06-12,STK014,-0.45961508607392565
2024-06-12,STK015,-1.2130355851987074
2024-06-12,STK016,0.5565591280933229
2024-06-12,STK017,-0.8200112026395026
2024-06-12,STK018,1.098148252187747
2024-06-12,STK019,-1.2929350540015732
2024-06-12,STK020,0.12724144897325032
2024-06-12,STK021,1.1502237584974535
2024-06-12,STK022,-2.1522470646236362
2024-06-12,STK024,-0.4252851971981094
2024-06-12,STK025,0.1410953821621393
2024-06-12,STK026,0.5714492255163438
2024-06-12,STK027,0.7261290561155536
2024-06-12,STK028,0.27388393825968216
2024-06-12,STK029,0.9973845837063676
2024-06-12,STK030,0.5190707129218126
2024-06-12,STK031,1.7608811400323037
2024-06-12,STK032,0.5223275428545973
2024-06-12,STK033,1.9646355198830872
2024-06-12,STK034,0.9010788402376559
2024-06-12,STK035,-1.8057501257682627
2024-06-12,STK036,2.6111026783878413
2024-06-12,STK037,-0.5743441084772188
2024-06-12,STK038,1.4955440152017352
2024-06-12,STK040,1.0610902576025796
2024-06-12,STK041,-0.688478910865794
2024-06-12,STK042,0.6257445430895879
2024-06-12,STK043,-0.25319054539440544
2024-06-12,STK045,0.43866816741700937
2024-06-12,STK047,-2.1640768714730703
2024-06-12,STK049,0.4105516350582958
2024-06-12,STK050,0.2236149064397072
2024-06-12,STK051,0.9611572137178506
2024-06-12,STK052,-0.3659042451374545
2024-06-12,STK053,0.04878710503463059
2024-06-12,STK054,1.1812267644149919
2024-06-12,STK055,-2.278689003445357
2024-06-12,STK056,0.5893505016383412
2024-06-12,STK057,-0.3338848259935533
2024-06-12,STK058,-0.9123181245536214
2024-06-12,STK059,0.3365442242759801
2024-06-13,STK000,1.2274512968086555
2024-06-13,STK001,1.039143831484181
2024-06-13,STK003,0.8757409637609486
2024-06-13,STK004,0.8680678984458442
2024-06-13,STK005,-0.08737127049316686
2024-06-13,STK006,-0.693080551988208
2024-06-13,STK008,0.837853348868137
2024-06-13,STK009,-0.042146813712690696
2024-06-13,STK010,-1.0461822197305883
2024-06-13,STK011,-1.6848628355091249
2024-06-13,STK013,-0.5467784222642238
2024-06-13,STK014,0.3303877556559817
2024-06-13,STK015,1.2397069070691236
2024-06-13,STK016,-1.3089244768534851
2024-06-13,STK017,-0.04513738051284493
2024-06-13,STK018,-0.1706941462188697
2024-06-13,STK019,0.3797428756279606
2024-06-13,STK020,1.2391599984204347
2024-06-13,STK023,1.0315237749937014
2024-06-13,STK025,-0.13744699289312357
2024-06-13,STK027,0.3448170778897882
2024-06-13,STK028,0.5823526073671226
2024-06-13,STK029,0.5612805264012167
2024-06-13,STK030,-0.9819723056156512
2024-06-13,STK031,0.9902664977049435
2024-06-13,STK032,1.1667831621902383
2024-06-13,STK033,0.1860828936902982
2024-06-13,STK034,-1.4941553065496669
2024-06-13,STK035,-0.11474570600009057
2024-06-13,STK036,0.19440587694056835
2024-06-13,STK038,-0.36013806357701345
2024-06-13,STK039,-1.4093693875585418
2024-06-13,STK040,0.607292224986444
2024-06-13,STK041,0.1659553149020513
2024-06-13,STK042,-1.6457831648142445
2024-06-13,STK043,0.3514648615819806
2024-06-13,STK044,-0.05650894739029124
2024-06-13,STK045,0.5164142827544048
2024-06-13,STK046,-0.3915324337554278
2024-06-13,STK047,-0.8014794007430242
2024-06-13,STK049,-0.5381702165484047
2024-06-13,STK050,0.018825096581047043
2024-06-13,STK051,0.14795846542479205
2024-06-13,STK053,-0.42331954899651913
2024-06-13,STK054,-0.3514032680054818
2024-06-13,STK055,2.507724785506933
2024-06-13,STK056,-0.7707251514982087
2024-06-13,STK057,-0.5579720085461926
2024-06-13,STK058,3.2938541083681483
2024-06-13,STK059,0.4210133024605525
2024-06-14,STK000,-1.3799806659036957
2024-06-14,STK001,0.8426872039772633
2024-06-14,STK002,-0.9100388892011476
2024-06-14,STK003,0.9090615078050971
2024-06-14,STK004,-0.21096227937068143
2024-06-14,STK005,-0.43979584948940736
2024-06-14,STK006,1.6091649688275829
2024-06-14,STK007,0.5664013526592448
2024-06-14,STK008,0.9729894374492074
2024-06-14,STK009,0.43491967951994637
2024-06-14,STK011,0.6113544202582081
2024-06-14,STK013,0.1347380435175534
2024-06-14,STK014,1.8016426043465061
2024-06-14,STK015,0.8504872032019086
2024-06-14,STK016,0.2119825497716119
2024-06-14,STK017,0.25148653101781787
2024-06-14,STK018,0.13723712896762474
2024-06-14,STK019,-1.2512387855949916
2024-06-14,STK020,-0.09007219580860511
2024-06-14,STK021,0.22118648534116717
2024-06-14,STK022,-0.41608512126652875
2024-06-14,STK023,0.33767701870469485
2024-06-14,STK025,0.7736918910987685
2024-06-14,STK026,0.6631123810657311
2024-06-14,STK027,0.16715328758484124
2024-06-14,STK028,-1.3672128913019983
2024-06-14,STK030,-0.14189099857114323
2024-06-14,STK032,-0.3425208486993877
2024-06-14,STK035,1.3860443203860797
2024-06-14,STK036,0.4443934035776708
2024-06-14,STK038,0.6191179850137531
2024-06-14,STK039,0.07379698176937273
2024-06-14,STK040,-0.19022291832309887
2024-06-14,STK041,0.3381059215063302
2024-06-14,STK042,-0.44115774694544485
2024-06-14,STK043,0.2522642640034325
2024-06-14,STK044,0.20422092562163552
2024-06-14,STK046,-0.6191369574756088
2024-06-14,STK047,0.7101363528765408
2024-06-14,STK049,-0.5725666516212387
2024-06-14,STK050,-0.5289250591457441
2024-06-14,STK051,-1.0720517723736782
2024-06-14,STK052,1.0156622833856628
2024-06-14,STK053,-0.9690524761897973
2024-06-14,STK055,1.2554077104866421
2024-06-14,STK057,-0.18814268513809665
2024-06-14,STK058,-1.0120290009165358
2024-06-14,STK059,0.8329512076226846
